--------------------------------------------------------
--  Questionnaire Templates Static data
--------------------------------------------------------

Insert into QUESTIONNAIRE_DATA.ANSWER_TYPE (ANS_TYPE_ID,ANS_TYPE,ANS_TYPE_DESC) values (1,'BOOLEAN',null);
Insert into QUESTIONNAIRE_DATA.ANSWER_TYPE (ANS_TYPE_ID,ANS_TYPE,ANS_TYPE_DESC) values (2,'YN',null);
Insert into QUESTIONNAIRE_DATA.ANSWER_TYPE (ANS_TYPE_ID,ANS_TYPE,ANS_TYPE_DESC) values (3,'NUMBER',null);
Insert into QUESTIONNAIRE_DATA.ANSWER_TYPE (ANS_TYPE_ID,ANS_TYPE,ANS_TYPE_DESC) values (4,'INTEGER',null);
Insert into QUESTIONNAIRE_DATA.ANSWER_TYPE (ANS_TYPE_ID,ANS_TYPE,ANS_TYPE_DESC) values (5,'TEXT',null);
Insert into QUESTIONNAIRE_DATA.ANSWER_TYPE (ANS_TYPE_ID,ANS_TYPE,ANS_TYPE_DESC) values (6,'DATE',null);
Insert into QUESTIONNAIRE_DATA.ANSWER_TYPE (ANS_TYPE_ID,ANS_TYPE,ANS_TYPE_DESC) values (7,'TIME',null);
Insert into QUESTIONNAIRE_DATA.ANSWER_TYPE (ANS_TYPE_ID,ANS_TYPE,ANS_TYPE_DESC) values (8,'NONE',null);
Insert into QUESTIONNAIRE_DATA.ANSWER_TYPE (ANS_TYPE_ID,ANS_TYPE,ANS_TYPE_DESC) values (23,'YN-NA',null);


Insert into QUESTIONNAIRE_DATA.QUESTION_TYPE (QUESTION_TYPE_ID,QUESTION_TYPE,QUESTION_TYPE_DESC) values (1,'RADIO',null);
Insert into QUESTIONNAIRE_DATA.QUESTION_TYPE (QUESTION_TYPE_ID,QUESTION_TYPE,QUESTION_TYPE_DESC) values (2,'COMBO',null);
Insert into QUESTIONNAIRE_DATA.QUESTION_TYPE (QUESTION_TYPE_ID,QUESTION_TYPE,QUESTION_TYPE_DESC) values (3,'TABLE',null);
Insert into QUESTIONNAIRE_DATA.QUESTION_TYPE (QUESTION_TYPE_ID,QUESTION_TYPE,QUESTION_TYPE_DESC) values (4,'TEXTBOX',null);
Insert into QUESTIONNAIRE_DATA.QUESTION_TYPE (QUESTION_TYPE_ID,QUESTION_TYPE,QUESTION_TYPE_DESC) values (21,'DATEPICKER',null);
Insert into QUESTIONNAIRE_DATA.QUESTION_TYPE (QUESTION_TYPE_ID,QUESTION_TYPE,QUESTION_TYPE_DESC) values (22,'TEXTAREA',null);
Insert into QUESTIONNAIRE_DATA.QUESTION_TYPE (QUESTION_TYPE_ID,QUESTION_TYPE,QUESTION_TYPE_DESC) values (41,'DATEPICKER',null);
Insert into QUESTIONNAIRE_DATA.QUESTION_TYPE (QUESTION_TYPE_ID,QUESTION_TYPE,QUESTION_TYPE_DESC) values (42,'TEXTAREA',null);

Insert into QUESTIONNAIRE_DATA.VALIDATION_RULE (RULE_ID,RULE_NAME,RULE_MESSAGE) values (28,'Max','Value must be no greater than');
Insert into QUESTIONNAIRE_DATA.VALIDATION_RULE (RULE_ID,RULE_NAME,RULE_MESSAGE) values (29,'Min','Value must be no less than');
Insert into QUESTIONNAIRE_DATA.VALIDATION_RULE (RULE_ID,RULE_NAME,RULE_MESSAGE) values (30,'Max Length','Value must be no longer');
Insert into QUESTIONNAIRE_DATA.VALIDATION_RULE (RULE_ID,RULE_NAME,RULE_MESSAGE) values (31,'Min Length','Value must be no shorter than');

Insert into QUESTIONNAIRE_DATA.ACTION (ACTION_ID,ACTION_NAME) values (1,'Hide based on parent');
Insert into QUESTIONNAIRE_DATA.ACTION (ACTION_ID,ACTION_NAME) values (2,'Show based on parent');
Insert into QUESTIONNAIRE_DATA.ACTION (ACTION_ID,ACTION_NAME) values (3,'Disable based on parent');
Insert into QUESTIONNAIRE_DATA.ACTION (ACTION_ID,ACTION_NAME) values (4,'Required based on parent');

Insert into QUESTIONNAIRE_DATA.GROUP_TYPE (GROUP_TYPE_ID,GROUP_TYPE,GROUP_TYPE_DESC) values (1,'Plain','Standard questionnaire group');
Insert into QUESTIONNAIRE_DATA.GROUP_TYPE (GROUP_TYPE_ID,GROUP_TYPE,GROUP_TYPE_DESC) values (2,'Table','Group questions into table columns');

--------------------------------------------------------
--  Questionnaire Templates
--------------------------------------------------------
--REMINSERTING into QUESTIONNAIRE_DATA.QUESTIONNAIRE_TEMPLATE
Insert into QUESTIONNAIRE_DATA.QUESTIONNAIRE_TEMPLATE (TEMPLATE_ID,TEMPLATE_TITLE,TEMPLATE_DESC) values (1,'Sample questionnaire','First attempt at modelling.');
Insert into QUESTIONNAIRE_DATA.QUESTIONNAIRE_TEMPLATE (TEMPLATE_ID,TEMPLATE_TITLE,TEMPLATE_DESC) values (21,'SITE INSPECTION QUESTIONNAIRE','inspection questionnaire');
--REMINSERTING into QUESTIONNAIRE_DATA.SECTION
Insert into QUESTIONNAIRE_DATA.SECTION (TEMPLATE_ID,SECTION_ID,SECTION_TITLE,ORDER_NO) values (1,1,'Sampler Inquestionnaireation Part 2',5);
Insert into QUESTIONNAIRE_DATA.SECTION (TEMPLATE_ID,SECTION_ID,SECTION_TITLE,ORDER_NO) values (21,21,'Identity Fields Section',1);
Insert into QUESTIONNAIRE_DATA.SECTION (TEMPLATE_ID,SECTION_ID,SECTION_TITLE,ORDER_NO) values (21,22,'Processing Section',2);
Insert into QUESTIONNAIRE_DATA.SECTION (TEMPLATE_ID,SECTION_ID,SECTION_TITLE,ORDER_NO) values (21,23,'B. Section',3);
Insert into QUESTIONNAIRE_DATA.SECTION (TEMPLATE_ID,SECTION_ID,SECTION_TITLE,ORDER_NO) values (21,24,'C. Section',4);
Insert into QUESTIONNAIRE_DATA.SECTION (TEMPLATE_ID,SECTION_ID,SECTION_TITLE,ORDER_NO) values (21,25,'Summary',5);
--REMINSERTING into QUESTIONNAIRE_DATA.GROUP
Insert into QUESTIONNAIRE_DATA.QUESTIONNAIRE_GROUP (SECTION_ID,GROUP_ID,GROUP_TYPE_ID,GROUP_TITLE,ORDER_NO) values (1,1,1,'First group Title',1);
Insert into QUESTIONNAIRE_DATA.QUESTIONNAIRE_GROUP (SECTION_ID,GROUP_ID,GROUP_TYPE_ID,GROUP_TITLE,ORDER_NO) values (21,26,1,'Site Details',1);
Insert into QUESTIONNAIRE_DATA.QUESTIONNAIRE_GROUP (SECTION_ID,GROUP_ID,GROUP_TYPE_ID,GROUP_TITLE,ORDER_NO) values (21,27,1,'Inspection Details',2);
Insert into QUESTIONNAIRE_DATA.QUESTIONNAIRE_GROUP (SECTION_ID,GROUP_ID,GROUP_TYPE_ID,GROUP_TITLE,ORDER_NO) values (21,28,1,'Results of Previous Survey',3);
Insert into QUESTIONNAIRE_DATA.QUESTIONNAIRE_GROUP (SECTION_ID,GROUP_ID,GROUP_TYPE_ID,GROUP_TITLE,ORDER_NO) values (22,41,1,'On-site Details',1);
Insert into QUESTIONNAIRE_DATA.QUESTIONNAIRE_GROUP (SECTION_ID,GROUP_ID,GROUP_TYPE_ID,GROUP_TITLE,ORDER_NO) values (22,42,2,'Safety Precautions',2);
Insert into QUESTIONNAIRE_DATA.QUESTIONNAIRE_GROUP (SECTION_ID,GROUP_ID,GROUP_TYPE_ID,GROUP_TITLE,ORDER_NO) values (22,43,1,'Safety Violations',3);
Insert into QUESTIONNAIRE_DATA.QUESTIONNAIRE_GROUP (SECTION_ID,GROUP_ID,GROUP_TYPE_ID,GROUP_TITLE,ORDER_NO) values (22,44,2,'Other Stuff',4);
Insert into QUESTIONNAIRE_DATA.QUESTIONNAIRE_GROUP (SECTION_ID,GROUP_ID,GROUP_TYPE_ID,GROUP_TITLE,ORDER_NO) values (22,45,1,'Some more stuff',5);
Insert into QUESTIONNAIRE_DATA.QUESTIONNAIRE_GROUP (SECTION_ID,GROUP_ID,GROUP_TYPE_ID,GROUP_TITLE,ORDER_NO) values (22,46,1,'And finally',6);
--REMINSERTING into QUESTIONNAIRE_DATA.QUESTION
Insert into QUESTIONNAIRE_DATA.QUESTION (GROUP_ID,QUESTION_ID,LABEL,QUESTION_TYPE_ID,ANS_TYPE_ID,QUESTION_DESC,ORDER_NO,READONLY,MANDATORY,SENSITIVE,QUESTION_ICON,QUESTION_PLACEHOLDER,VISIBLE) values (1,5,'Site ID Number',4,4,'Site ID Number',2,'Y','N','N',null,null,'Y');
Insert into QUESTIONNAIRE_DATA.QUESTION (GROUP_ID,QUESTION_ID,LABEL,QUESTION_TYPE_ID,ANS_TYPE_ID,QUESTION_DESC,ORDER_NO,READONLY,MANDATORY,SENSITIVE,QUESTION_ICON,QUESTION_PLACEHOLDER,VISIBLE) values (1,66,'Type of Site',2,2,'Type of Site',6,'N','Y','Y',null,null,'Y');
Insert into QUESTIONNAIRE_DATA.QUESTION (GROUP_ID,QUESTION_ID,LABEL,QUESTION_TYPE_ID,ANS_TYPE_ID,QUESTION_DESC,ORDER_NO,READONLY,MANDATORY,SENSITIVE,QUESTION_ICON,QUESTION_PLACEHOLDER,VISIBLE) values (1,67,'Sampling Point Type',2,4,'Sampling Point Type',4,'N','Y','N',null,null,'Y');
Insert into QUESTIONNAIRE_DATA.QUESTION (GROUP_ID,QUESTION_ID,LABEL,QUESTION_TYPE_ID,ANS_TYPE_ID,QUESTION_DESC,ORDER_NO,READONLY,MANDATORY,SENSITIVE,QUESTION_ICON,QUESTION_PLACEHOLDER,VISIBLE) values (1,68,'Site Saftey Officer',2,4,'Site Saftey Officer',3,'Y','N','N',null,null,'Y');
Insert into QUESTIONNAIRE_DATA.QUESTION (GROUP_ID,QUESTION_ID,LABEL,QUESTION_TYPE_ID,ANS_TYPE_ID,QUESTION_DESC,ORDER_NO,READONLY,MANDATORY,SENSITIVE,QUESTION_ICON,QUESTION_PLACEHOLDER,VISIBLE) values (1,69,'Site Name',2,3,'Site Name',5,'N','Y','N',null,null,'Y');
Insert into QUESTIONNAIRE_DATA.QUESTION (GROUP_ID,QUESTION_ID,LABEL,QUESTION_TYPE_ID,ANS_TYPE_ID,QUESTION_DESC,ORDER_NO,READONLY,MANDATORY,SENSITIVE,QUESTION_ICON,QUESTION_PLACEHOLDER,VISIBLE) values (26,84,'Manager''s Name',4,5,'Manager''s Name',1,'N','Y','N',null,null,'Y');
Insert into QUESTIONNAIRE_DATA.QUESTION (GROUP_ID,QUESTION_ID,LABEL,QUESTION_TYPE_ID,ANS_TYPE_ID,QUESTION_DESC,ORDER_NO,READONLY,MANDATORY,SENSITIVE,QUESTION_ICON,QUESTION_PLACEHOLDER,VISIBLE) values (26,85,'Phone No.',4,5,'Phone No.',2,'N','Y','N',null,null,'Y');
Insert into QUESTIONNAIRE_DATA.QUESTION (GROUP_ID,QUESTION_ID,LABEL,QUESTION_TYPE_ID,ANS_TYPE_ID,QUESTION_DESC,ORDER_NO,READONLY,MANDATORY,SENSITIVE,QUESTION_ICON,QUESTION_PLACEHOLDER,VISIBLE) values (26,86,'Email address',4,5,'Email address',3,'N','Y','N',null,null,'Y');
Insert into QUESTIONNAIRE_DATA.QUESTION (GROUP_ID,QUESTION_ID,LABEL,QUESTION_TYPE_ID,ANS_TYPE_ID,QUESTION_DESC,ORDER_NO,READONLY,MANDATORY,SENSITIVE,QUESTION_ICON,QUESTION_PLACEHOLDER,VISIBLE) values (26,87,'Types of work carried out on site',4,5,'Types of work carried out on site',4,'N','Y','N',null,null,'Y');
Insert into QUESTIONNAIRE_DATA.QUESTION (GROUP_ID,QUESTION_ID,LABEL,QUESTION_TYPE_ID,ANS_TYPE_ID,QUESTION_DESC,ORDER_NO,READONLY,MANDATORY,SENSITIVE,QUESTION_ICON,QUESTION_PLACEHOLDER,VISIBLE) values (26,88,'Practice',4,5,'Practice',5,'N','Y','N',null,null,'Y');
Insert into QUESTIONNAIRE_DATA.QUESTION (GROUP_ID,QUESTION_ID,LABEL,QUESTION_TYPE_ID,ANS_TYPE_ID,QUESTION_DESC,ORDER_NO,READONLY,MANDATORY,SENSITIVE,QUESTION_ICON,QUESTION_PLACEHOLDER,VISIBLE) values (27,89,'Site Saftey No',4,5,'Site Saftey No',1,'N','Y','N',null,null,'Y');
Insert into QUESTIONNAIRE_DATA.QUESTION (GROUP_ID,QUESTION_ID,LABEL,QUESTION_TYPE_ID,ANS_TYPE_ID,QUESTION_DESC,ORDER_NO,READONLY,MANDATORY,SENSITIVE,QUESTION_ICON,QUESTION_PLACEHOLDER,VISIBLE) values (27,90,'Is Site',2,5,'Is Site',2,'N','Y','N',null,null,'Y');
Insert into QUESTIONNAIRE_DATA.QUESTION (GROUP_ID,QUESTION_ID,LABEL,QUESTION_TYPE_ID,ANS_TYPE_ID,QUESTION_DESC,ORDER_NO,READONLY,MANDATORY,SENSITIVE,QUESTION_ICON,QUESTION_PLACEHOLDER,VISIBLE) values (27,94,'Type of Inspection',2,5,'Type of Inspection',3,'N','Y','N',null,null,'Y');
Insert into QUESTIONNAIRE_DATA.QUESTION (GROUP_ID,QUESTION_ID,LABEL,QUESTION_TYPE_ID,ANS_TYPE_ID,QUESTION_DESC,ORDER_NO,READONLY,MANDATORY,SENSITIVE,QUESTION_ICON,QUESTION_PLACEHOLDER,VISIBLE) values (27,95,'Risk Categorisation',2,5,'Risk Categorisation',4,'N','Y','N',null,null,'Y');
Insert into QUESTIONNAIRE_DATA.QUESTION (GROUP_ID,QUESTION_ID,LABEL,QUESTION_TYPE_ID,ANS_TYPE_ID,QUESTION_DESC,ORDER_NO,READONLY,MANDATORY,SENSITIVE,QUESTION_ICON,QUESTION_PLACEHOLDER,VISIBLE) values (27,96,'Temperature',4,3,'Temperature',5,'N','Y','N',null,null,'Y');
Insert into QUESTIONNAIRE_DATA.QUESTION (GROUP_ID,QUESTION_ID,LABEL,QUESTION_TYPE_ID,ANS_TYPE_ID,QUESTION_DESC,ORDER_NO,READONLY,MANDATORY,SENSITIVE,QUESTION_ICON,QUESTION_PLACEHOLDER,VISIBLE) values (28,97,'Date of Previous Inspection',21,6,'Date of Previous Inspection',1,'N','N','N',null,null,'Y');
Insert into QUESTIONNAIRE_DATA.QUESTION (GROUP_ID,QUESTION_ID,LABEL,QUESTION_TYPE_ID,ANS_TYPE_ID,QUESTION_DESC,ORDER_NO,READONLY,MANDATORY,SENSITIVE,QUESTION_ICON,QUESTION_PLACEHOLDER,VISIBLE) values (28,98,'Name of Inspector(s)',4,5,'Name of Inspector(s)',2,'N','N','N',null,null,'Y');
Insert into QUESTIONNAIRE_DATA.QUESTION (GROUP_ID,QUESTION_ID,LABEL,QUESTION_TYPE_ID,ANS_TYPE_ID,QUESTION_DESC,ORDER_NO,READONLY,MANDATORY,SENSITIVE,QUESTION_ICON,QUESTION_PLACEHOLDER,VISIBLE) values (28,99,'Where any issues identified',1,2,'Where any issues identified',3,'N','N','N',null,null,'Y');
Insert into QUESTIONNAIRE_DATA.QUESTION (GROUP_ID,QUESTION_ID,LABEL,QUESTION_TYPE_ID,ANS_TYPE_ID,QUESTION_DESC,ORDER_NO,READONLY,MANDATORY,SENSITIVE,QUESTION_ICON,QUESTION_PLACEHOLDER,VISIBLE) values (28,100,'Have all issues been addressed',1,23,'Have all issues been addressed',4,'N','N','N',null,null,'Y');
Insert into QUESTIONNAIRE_DATA.QUESTION (GROUP_ID,QUESTION_ID,LABEL,QUESTION_TYPE_ID,ANS_TYPE_ID,QUESTION_DESC,ORDER_NO,READONLY,MANDATORY,SENSITIVE,QUESTION_ICON,QUESTION_PLACEHOLDER,VISIBLE) values (28,101,'If ""No""  please provide details',22,5,'If ""No""  please provide details',5,'N','N','N',null,null,'Y');
Insert into QUESTIONNAIRE_DATA.QUESTION (GROUP_ID,QUESTION_ID,LABEL,QUESTION_TYPE_ID,ANS_TYPE_ID,QUESTION_DESC,ORDER_NO,READONLY,MANDATORY,SENSITIVE,QUESTION_ICON,QUESTION_PLACEHOLDER,VISIBLE) values (41,121,'Does manufacture take place on site',1,2,'Does manufacture take place on site',1,'N','Y','N',null,null,'Y');
Insert into QUESTIONNAIRE_DATA.QUESTION (GROUP_ID,QUESTION_ID,LABEL,QUESTION_TYPE_ID,ANS_TYPE_ID,QUESTION_DESC,ORDER_NO,READONLY,MANDATORY,SENSITIVE,QUESTION_ICON,QUESTION_PLACEHOLDER,VISIBLE) values (41,122,'If ""No""  where does manufacture take place',22,5,'If ""No""  where does manufacture take place',2,'N','N','N',null,null,'Y');
Insert into QUESTIONNAIRE_DATA.QUESTION (GROUP_ID,QUESTION_ID,LABEL,QUESTION_TYPE_ID,ANS_TYPE_ID,QUESTION_DESC,ORDER_NO,READONLY,MANDATORY,SENSITIVE,QUESTION_ICON,QUESTION_PLACEHOLDER,VISIBLE) values (41,123,'If ""Yes"" does the processing have a manufacturing saftey number',1,2,'If ""Yes"" does the processing have a manufacturing saftey number',3,'N','N','N',null,null,'Y');
Insert into QUESTIONNAIRE_DATA.QUESTION (GROUP_ID,QUESTION_ID,LABEL,QUESTION_TYPE_ID,ANS_TYPE_ID,QUESTION_DESC,ORDER_NO,READONLY,MANDATORY,SENSITIVE,QUESTION_ICON,QUESTION_PLACEHOLDER,VISIBLE) values (41,124,'If ""Yes"" provide the number',22,5,'If ""Yes"" provide the number',4,'N','N','N',null,null,'Y');
Insert into QUESTIONNAIRE_DATA.QUESTION (GROUP_ID,QUESTION_ID,LABEL,QUESTION_TYPE_ID,ANS_TYPE_ID,QUESTION_DESC,ORDER_NO,READONLY,MANDATORY,SENSITIVE,QUESTION_ICON,QUESTION_PLACEHOLDER,VISIBLE) values (41,125,'If ""No"" where does manufacturing take place',22,5,'If ""No"" where does manufacturing take place',5,'N','N','N',null,null,'Y');
Insert into QUESTIONNAIRE_DATA.QUESTION (GROUP_ID,QUESTION_ID,LABEL,QUESTION_TYPE_ID,ANS_TYPE_ID,QUESTION_DESC,ORDER_NO,READONLY,MANDATORY,SENSITIVE,QUESTION_ICON,QUESTION_PLACEHOLDER,VISIBLE) values (42,126,'Name',4,5,'Name',1,'N','Y','N',null,null,'Y');
Insert into QUESTIONNAIRE_DATA.QUESTION (GROUP_ID,QUESTION_ID,LABEL,QUESTION_TYPE_ID,ANS_TYPE_ID,QUESTION_DESC,ORDER_NO,READONLY,MANDATORY,SENSITIVE,QUESTION_ICON,QUESTION_PLACEHOLDER,VISIBLE) values (42,127,'Address',4,5,'Address',2,'N','Y','N',null,null,'Y');
Insert into QUESTIONNAIRE_DATA.QUESTION (GROUP_ID,QUESTION_ID,LABEL,QUESTION_TYPE_ID,ANS_TYPE_ID,QUESTION_DESC,ORDER_NO,READONLY,MANDATORY,SENSITIVE,QUESTION_ICON,QUESTION_PLACEHOLDER,VISIBLE) values (42,128,'Id No.',4,5,'Id No.',3,'N','Y','N',null,null,'Y');
Insert into QUESTIONNAIRE_DATA.QUESTION (GROUP_ID,QUESTION_ID,LABEL,QUESTION_TYPE_ID,ANS_TYPE_ID,QUESTION_DESC,ORDER_NO,READONLY,MANDATORY,SENSITIVE,QUESTION_ICON,QUESTION_PLACEHOLDER,VISIBLE) values (43,129,'Are records of dispatch to packaging plants satisfactory',1,23,'Are records of dispatch to packaging plants satisfactory',1,'N','Y','N',null,null,'Y');
Insert into QUESTIONNAIRE_DATA.QUESTION (GROUP_ID,QUESTION_ID,LABEL,QUESTION_TYPE_ID,ANS_TYPE_ID,QUESTION_DESC,ORDER_NO,READONLY,MANDATORY,SENSITIVE,QUESTION_ICON,QUESTION_PLACEHOLDER,VISIBLE) values (43,130,'If ""No"" please comment',22,5,'If ""No"" please comment',2,'N','N','N',null,null,'Y');
Insert into QUESTIONNAIRE_DATA.QUESTION (GROUP_ID,QUESTION_ID,LABEL,QUESTION_TYPE_ID,ANS_TYPE_ID,QUESTION_DESC,ORDER_NO,READONLY,MANDATORY,SENSITIVE,QUESTION_ICON,QUESTION_PLACEHOLDER,VISIBLE) values (44,131,'Date',21,6,'Date',1,'N','Y','N',null,null,'Y');
Insert into QUESTIONNAIRE_DATA.QUESTION (GROUP_ID,QUESTION_ID,LABEL,QUESTION_TYPE_ID,ANS_TYPE_ID,QUESTION_DESC,ORDER_NO,READONLY,MANDATORY,SENSITIVE,QUESTION_ICON,QUESTION_PLACEHOLDER,VISIBLE) values (44,132,'Source',4,5,'Source',2,'N','Y','N',null,null,'Y');
Insert into QUESTIONNAIRE_DATA.QUESTION (GROUP_ID,QUESTION_ID,LABEL,QUESTION_TYPE_ID,ANS_TYPE_ID,QUESTION_DESC,ORDER_NO,READONLY,MANDATORY,SENSITIVE,QUESTION_ICON,QUESTION_PLACEHOLDER,VISIBLE) values (44,133,'Violation count',4,3,'Violation count',3,'N','Y','N',null,null,'Y');
Insert into QUESTIONNAIRE_DATA.QUESTION (GROUP_ID,QUESTION_ID,LABEL,QUESTION_TYPE_ID,ANS_TYPE_ID,QUESTION_DESC,ORDER_NO,READONLY,MANDATORY,SENSITIVE,QUESTION_ICON,QUESTION_PLACEHOLDER,VISIBLE) values (44,134,'Destination',4,5,'Destination',4,'N','Y','N',null,null,'Y');
Insert into QUESTIONNAIRE_DATA.QUESTION (GROUP_ID,QUESTION_ID,LABEL,QUESTION_TYPE_ID,ANS_TYPE_ID,QUESTION_DESC,ORDER_NO,READONLY,MANDATORY,SENSITIVE,QUESTION_ICON,QUESTION_PLACEHOLDER,VISIBLE) values (45,135,'Are systems in place to avoid accumulation of waste',1,23,'Are systems in place to avoid accumulation of waste',1,'N','Y','N',null,null,'Y');
Insert into QUESTIONNAIRE_DATA.QUESTION (GROUP_ID,QUESTION_ID,LABEL,QUESTION_TYPE_ID,ANS_TYPE_ID,QUESTION_DESC,ORDER_NO,READONLY,MANDATORY,SENSITIVE,QUESTION_ICON,QUESTION_PLACEHOLDER,VISIBLE) values (45,136,'If ""No"" please comment',22,5,'If ""No"" please comment',2,'N','N','N',null,null,'Y');
Insert into QUESTIONNAIRE_DATA.QUESTION (GROUP_ID,QUESTION_ID,LABEL,QUESTION_TYPE_ID,ANS_TYPE_ID,QUESTION_DESC,ORDER_NO,READONLY,MANDATORY,SENSITIVE,QUESTION_ICON,QUESTION_PLACEHOLDER,VISIBLE) values (46,137,'Are systems in place for proper disposal of waste',1,23,'Are systems in place for proper disposal of waste',1,'N','Y','N',null,null,'Y');
Insert into QUESTIONNAIRE_DATA.QUESTION (GROUP_ID,QUESTION_ID,LABEL,QUESTION_TYPE_ID,ANS_TYPE_ID,QUESTION_DESC,ORDER_NO,READONLY,MANDATORY,SENSITIVE,QUESTION_ICON,QUESTION_PLACEHOLDER,VISIBLE) values (46,138,'Are systems in place for collection',1,23,'Are systems in place for collection',2,'N','Y','N',null,null,'Y');
Insert into QUESTIONNAIRE_DATA.QUESTION (GROUP_ID,QUESTION_ID,LABEL,QUESTION_TYPE_ID,ANS_TYPE_ID,QUESTION_DESC,ORDER_NO,READONLY,MANDATORY,SENSITIVE,QUESTION_ICON,QUESTION_PLACEHOLDER,VISIBLE) values (46,139,'Are systems in place for disposal',1,23,'Are systems in place for disposal',3,'N','Y','N',null,null,'Y');
Insert into QUESTIONNAIRE_DATA.QUESTION (GROUP_ID,QUESTION_ID,LABEL,QUESTION_TYPE_ID,ANS_TYPE_ID,QUESTION_DESC,ORDER_NO,READONLY,MANDATORY,SENSITIVE,QUESTION_ICON,QUESTION_PLACEHOLDER,VISIBLE) values (46,140,'Are waste containers appropriately designed',1,23,'Are waste containers appropriately designed',4,'N','Y','N',null,null,'Y');
Insert into QUESTIONNAIRE_DATA.QUESTION (GROUP_ID,QUESTION_ID,LABEL,QUESTION_TYPE_ID,ANS_TYPE_ID,QUESTION_DESC,ORDER_NO,READONLY,MANDATORY,SENSITIVE,QUESTION_ICON,QUESTION_PLACEHOLDER,VISIBLE) values (46,141,'Has the contractor a contract with an authorised waste disposal collector',1,23,'Has the contractor a contract with an authorised waste disposal collector',5,'N','Y','N',null,null,'Y');
Insert into QUESTIONNAIRE_DATA.QUESTION (GROUP_ID,QUESTION_ID,LABEL,QUESTION_TYPE_ID,ANS_TYPE_ID,QUESTION_DESC,ORDER_NO,READONLY,MANDATORY,SENSITIVE,QUESTION_ICON,QUESTION_PLACEHOLDER,VISIBLE) values (46,142,'Are records of disposal available',1,23,'Are records of disposal available',6,'N','Y','N',null,null,'Y');
Insert into QUESTIONNAIRE_DATA.QUESTION (GROUP_ID,QUESTION_ID,LABEL,QUESTION_TYPE_ID,ANS_TYPE_ID,QUESTION_DESC,ORDER_NO,READONLY,MANDATORY,SENSITIVE,QUESTION_ICON,QUESTION_PLACEHOLDER,VISIBLE) values (46,143,'Are shipments transported by registered hauliers? (provide details)',1,23,'Are shipments transported by registered hauliers? (provide details)',7,'N','Y','N',null,null,'Y');
Insert into QUESTIONNAIRE_DATA.QUESTION (GROUP_ID,QUESTION_ID,LABEL,QUESTION_TYPE_ID,ANS_TYPE_ID,QUESTION_DESC,ORDER_NO,READONLY,MANDATORY,SENSITIVE,QUESTION_ICON,QUESTION_PLACEHOLDER,VISIBLE) values (46,144,'Please provide comment',22,5,'Please provide comment',8,'N','Y','N',null,null,'Y');
Insert into QUESTIONNAIRE_DATA.QUESTION (GROUP_ID,QUESTION_ID,LABEL,QUESTION_TYPE_ID,ANS_TYPE_ID,QUESTION_DESC,ORDER_NO,READONLY,MANDATORY,SENSITIVE,QUESTION_ICON,QUESTION_PLACEHOLDER,VISIBLE) values (46,145,'Describe the method for disposing of asbostess',22,5,'Describe the method for disposing of asbestos',9,'N','Y','N',null,null,'Y');
Insert into QUESTIONNAIRE_DATA.QUESTION (GROUP_ID,QUESTION_ID,LABEL,QUESTION_TYPE_ID,ANS_TYPE_ID,QUESTION_DESC,ORDER_NO,READONLY,MANDATORY,SENSITIVE,QUESTION_ICON,QUESTION_PLACEHOLDER,VISIBLE) values (46,146,'Saftey and Waste Management Compliance rating',2,5,'Saftey and Waste Management Compliance rating',10,'N','Y','N',null,null,'Y');
--REMINSERTING into QUESTIONNAIRE_DATA.ACTION_VALUE
Insert into QUESTIONNAIRE_DATA.ACTION_VALUE (ACT_VAL_ID,QUESTION_ID,ACTION_ID,ACTION_VALUE) values (43,100,4,'No');
Insert into QUESTIONNAIRE_DATA.ACTION_VALUE (ACT_VAL_ID,QUESTION_ID,ACTION_ID,ACTION_VALUE) values (41,66,3,'Other');
Insert into QUESTIONNAIRE_DATA.ACTION_VALUE (ACT_VAL_ID,QUESTION_ID,ACTION_ID,ACTION_VALUE) values (42,100,2,'No');
Insert into QUESTIONNAIRE_DATA.ACTION_VALUE (ACT_VAL_ID,QUESTION_ID,ACTION_ID,ACTION_VALUE) values (44,100,1,'Yes');
Insert into QUESTIONNAIRE_DATA.ACTION_VALUE (ACT_VAL_ID,QUESTION_ID,ACTION_ID,ACTION_VALUE) values (45,100,1,'N/A');
Insert into QUESTIONNAIRE_DATA.ACTION_VALUE (ACT_VAL_ID,QUESTION_ID,ACTION_ID,ACTION_VALUE) values (61,121,2,'No');
Insert into QUESTIONNAIRE_DATA.ACTION_VALUE (ACT_VAL_ID,QUESTION_ID,ACTION_ID,ACTION_VALUE) values (62,121,1,'No');
Insert into QUESTIONNAIRE_DATA.ACTION_VALUE (ACT_VAL_ID,QUESTION_ID,ACTION_ID,ACTION_VALUE) values (63,121,1,'Yes');
Insert into QUESTIONNAIRE_DATA.ACTION_VALUE (ACT_VAL_ID,QUESTION_ID,ACTION_ID,ACTION_VALUE) values (64,121,2,'Yes');
Insert into QUESTIONNAIRE_DATA.ACTION_VALUE (ACT_VAL_ID,QUESTION_ID,ACTION_ID,ACTION_VALUE) values (65,121,4,'Yes');
Insert into QUESTIONNAIRE_DATA.ACTION_VALUE (ACT_VAL_ID,QUESTION_ID,ACTION_ID,ACTION_VALUE) values (66,121,4,'No');
Insert into QUESTIONNAIRE_DATA.ACTION_VALUE (ACT_VAL_ID,QUESTION_ID,ACTION_ID,ACTION_VALUE) values (67,123,1,'Yes');
Insert into QUESTIONNAIRE_DATA.ACTION_VALUE (ACT_VAL_ID,QUESTION_ID,ACTION_ID,ACTION_VALUE) values (68,123,2,'Yes');
Insert into QUESTIONNAIRE_DATA.ACTION_VALUE (ACT_VAL_ID,QUESTION_ID,ACTION_ID,ACTION_VALUE) values (69,123,4,'Yes');
Insert into QUESTIONNAIRE_DATA.ACTION_VALUE (ACT_VAL_ID,QUESTION_ID,ACTION_ID,ACTION_VALUE) values (70,123,1,'No');
Insert into QUESTIONNAIRE_DATA.ACTION_VALUE (ACT_VAL_ID,QUESTION_ID,ACTION_ID,ACTION_VALUE) values (71,123,2,'No');
Insert into QUESTIONNAIRE_DATA.ACTION_VALUE (ACT_VAL_ID,QUESTION_ID,ACTION_ID,ACTION_VALUE) values (72,123,4,'No');
Insert into QUESTIONNAIRE_DATA.ACTION_VALUE (ACT_VAL_ID,QUESTION_ID,ACTION_ID,ACTION_VALUE) values (73,129,2,'No');
Insert into QUESTIONNAIRE_DATA.ACTION_VALUE (ACT_VAL_ID,QUESTION_ID,ACTION_ID,ACTION_VALUE) values (74,129,4,'No');
Insert into QUESTIONNAIRE_DATA.ACTION_VALUE (ACT_VAL_ID,QUESTION_ID,ACTION_ID,ACTION_VALUE) values (75,129,1,'Yes');
Insert into QUESTIONNAIRE_DATA.ACTION_VALUE (ACT_VAL_ID,QUESTION_ID,ACTION_ID,ACTION_VALUE) values (76,129,1,'N/A');
Insert into QUESTIONNAIRE_DATA.ACTION_VALUE (ACT_VAL_ID,QUESTION_ID,ACTION_ID,ACTION_VALUE) values (77,135,2,'No');
Insert into QUESTIONNAIRE_DATA.ACTION_VALUE (ACT_VAL_ID,QUESTION_ID,ACTION_ID,ACTION_VALUE) values (78,135,4,'No');
Insert into QUESTIONNAIRE_DATA.ACTION_VALUE (ACT_VAL_ID,QUESTION_ID,ACTION_ID,ACTION_VALUE) values (79,135,1,'Yes');
Insert into QUESTIONNAIRE_DATA.ACTION_VALUE (ACT_VAL_ID,QUESTION_ID,ACTION_ID,ACTION_VALUE) values (80,135,1,'N/A');
Insert into QUESTIONNAIRE_DATA.ACTION_VALUE (ACT_VAL_ID,QUESTION_ID,ACTION_ID,ACTION_VALUE) values (23,66,1,'Cow');
--REMINSERTING into QUESTIONNAIRE_DATA.ACTION_LINK
Insert into QUESTIONNAIRE_DATA.ACTION_LINK (ACT_VAL_ID,QUESTION_ID) values (23,67);
Insert into QUESTIONNAIRE_DATA.ACTION_LINK (ACT_VAL_ID,QUESTION_ID) values (23,68);
Insert into QUESTIONNAIRE_DATA.ACTION_LINK (ACT_VAL_ID,QUESTION_ID) values (23,69);
Insert into QUESTIONNAIRE_DATA.ACTION_LINK (ACT_VAL_ID,QUESTION_ID) values (41,67);
Insert into QUESTIONNAIRE_DATA.ACTION_LINK (ACT_VAL_ID,QUESTION_ID) values (41,68);
Insert into QUESTIONNAIRE_DATA.ACTION_LINK (ACT_VAL_ID,QUESTION_ID) values (41,69);
Insert into QUESTIONNAIRE_DATA.ACTION_LINK (ACT_VAL_ID,QUESTION_ID) values (42,101);
Insert into QUESTIONNAIRE_DATA.ACTION_LINK (ACT_VAL_ID,QUESTION_ID) values (43,101);
Insert into QUESTIONNAIRE_DATA.ACTION_LINK (ACT_VAL_ID,QUESTION_ID) values (44,101);
Insert into QUESTIONNAIRE_DATA.ACTION_LINK (ACT_VAL_ID,QUESTION_ID) values (45,101);
Insert into QUESTIONNAIRE_DATA.ACTION_LINK (ACT_VAL_ID,QUESTION_ID) values (61,122);
Insert into QUESTIONNAIRE_DATA.ACTION_LINK (ACT_VAL_ID,QUESTION_ID) values (62,123);
Insert into QUESTIONNAIRE_DATA.ACTION_LINK (ACT_VAL_ID,QUESTION_ID) values (63,122);
Insert into QUESTIONNAIRE_DATA.ACTION_LINK (ACT_VAL_ID,QUESTION_ID) values (64,123);
Insert into QUESTIONNAIRE_DATA.ACTION_LINK (ACT_VAL_ID,QUESTION_ID) values (65,123);
Insert into QUESTIONNAIRE_DATA.ACTION_LINK (ACT_VAL_ID,QUESTION_ID) values (66,122);
Insert into QUESTIONNAIRE_DATA.ACTION_LINK (ACT_VAL_ID,QUESTION_ID) values (67,125);
Insert into QUESTIONNAIRE_DATA.ACTION_LINK (ACT_VAL_ID,QUESTION_ID) values (68,124);
Insert into QUESTIONNAIRE_DATA.ACTION_LINK (ACT_VAL_ID,QUESTION_ID) values (69,124);
Insert into QUESTIONNAIRE_DATA.ACTION_LINK (ACT_VAL_ID,QUESTION_ID) values (70,124);
Insert into QUESTIONNAIRE_DATA.ACTION_LINK (ACT_VAL_ID,QUESTION_ID) values (71,125);
Insert into QUESTIONNAIRE_DATA.ACTION_LINK (ACT_VAL_ID,QUESTION_ID) values (72,125);
Insert into QUESTIONNAIRE_DATA.ACTION_LINK (ACT_VAL_ID,QUESTION_ID) values (73,130);
Insert into QUESTIONNAIRE_DATA.ACTION_LINK (ACT_VAL_ID,QUESTION_ID) values (74,130);
Insert into QUESTIONNAIRE_DATA.ACTION_LINK (ACT_VAL_ID,QUESTION_ID) values (75,130);
Insert into QUESTIONNAIRE_DATA.ACTION_LINK (ACT_VAL_ID,QUESTION_ID) values (76,130);
Insert into QUESTIONNAIRE_DATA.ACTION_LINK (ACT_VAL_ID,QUESTION_ID) values (77,136);
Insert into QUESTIONNAIRE_DATA.ACTION_LINK (ACT_VAL_ID,QUESTION_ID) values (78,136);
Insert into QUESTIONNAIRE_DATA.ACTION_LINK (ACT_VAL_ID,QUESTION_ID) values (79,136);
Insert into QUESTIONNAIRE_DATA.ACTION_LINK (ACT_VAL_ID,QUESTION_ID) values (80,136);
--REMINSERTING into QUESTIONNAIRE_DATA.ALLOWABLE_VALUE
Insert into QUESTIONNAIRE_DATA.ALLOWABLE_VALUE (QUESTION_ID,VALUE,VALUE_NAME) values (90,'Active','Active');
Insert into QUESTIONNAIRE_DATA.ALLOWABLE_VALUE (QUESTION_ID,VALUE,VALUE_NAME) values (90,'In-Active','In-Active');
Insert into QUESTIONNAIRE_DATA.ALLOWABLE_VALUE (QUESTION_ID,VALUE,VALUE_NAME) values (94,'Normal','Normal');
Insert into QUESTIONNAIRE_DATA.ALLOWABLE_VALUE (QUESTION_ID,VALUE,VALUE_NAME) values (94,'Follow-Up Required','Follow-Up Required');
Insert into QUESTIONNAIRE_DATA.ALLOWABLE_VALUE (QUESTION_ID,VALUE,VALUE_NAME) values (94,'Issue Warning','Issue Warning');
Insert into QUESTIONNAIRE_DATA.ALLOWABLE_VALUE (QUESTION_ID,VALUE,VALUE_NAME) values (94,'Close Site','Close Site');
Insert into QUESTIONNAIRE_DATA.ALLOWABLE_VALUE (QUESTION_ID,VALUE,VALUE_NAME) values (95,'High','High');
Insert into QUESTIONNAIRE_DATA.ALLOWABLE_VALUE (QUESTION_ID,VALUE,VALUE_NAME) values (95,'Medium','Medium');
Insert into QUESTIONNAIRE_DATA.ALLOWABLE_VALUE (QUESTION_ID,VALUE,VALUE_NAME) values (95,'Low','Low');
Insert into QUESTIONNAIRE_DATA.ALLOWABLE_VALUE (QUESTION_ID,VALUE,VALUE_NAME) values (99,'Yes','Yes');
Insert into QUESTIONNAIRE_DATA.ALLOWABLE_VALUE (QUESTION_ID,VALUE,VALUE_NAME) values (99,'No','No');
Insert into QUESTIONNAIRE_DATA.ALLOWABLE_VALUE (QUESTION_ID,VALUE,VALUE_NAME) values (100,'Yes','Yes');
Insert into QUESTIONNAIRE_DATA.ALLOWABLE_VALUE (QUESTION_ID,VALUE,VALUE_NAME) values (100,'No','No');
Insert into QUESTIONNAIRE_DATA.ALLOWABLE_VALUE (QUESTION_ID,VALUE,VALUE_NAME) values (100,'N/A','N/A');
Insert into QUESTIONNAIRE_DATA.ALLOWABLE_VALUE (QUESTION_ID,VALUE,VALUE_NAME) values (121,'Yes','Yes');
Insert into QUESTIONNAIRE_DATA.ALLOWABLE_VALUE (QUESTION_ID,VALUE,VALUE_NAME) values (121,'No','No');
Insert into QUESTIONNAIRE_DATA.ALLOWABLE_VALUE (QUESTION_ID,VALUE,VALUE_NAME) values (122,'Yes','Yes');
Insert into QUESTIONNAIRE_DATA.ALLOWABLE_VALUE (QUESTION_ID,VALUE,VALUE_NAME) values (122,'No','No');
Insert into QUESTIONNAIRE_DATA.ALLOWABLE_VALUE (QUESTION_ID,VALUE,VALUE_NAME) values (129,'Yes','Yes');
Insert into QUESTIONNAIRE_DATA.ALLOWABLE_VALUE (QUESTION_ID,VALUE,VALUE_NAME) values (129,'No','No');
Insert into QUESTIONNAIRE_DATA.ALLOWABLE_VALUE (QUESTION_ID,VALUE,VALUE_NAME) values (129,'N/A','N/A');
Insert into QUESTIONNAIRE_DATA.ALLOWABLE_VALUE (QUESTION_ID,VALUE,VALUE_NAME) values (135,'N/A','N/A');
Insert into QUESTIONNAIRE_DATA.ALLOWABLE_VALUE (QUESTION_ID,VALUE,VALUE_NAME) values (135,'No','No');
Insert into QUESTIONNAIRE_DATA.ALLOWABLE_VALUE (QUESTION_ID,VALUE,VALUE_NAME) values (135,'Yes','Yes');
Insert into QUESTIONNAIRE_DATA.ALLOWABLE_VALUE (QUESTION_ID,VALUE,VALUE_NAME) values (137,'N/A','N/A');
Insert into QUESTIONNAIRE_DATA.ALLOWABLE_VALUE (QUESTION_ID,VALUE,VALUE_NAME) values (137,'No','No');
Insert into QUESTIONNAIRE_DATA.ALLOWABLE_VALUE (QUESTION_ID,VALUE,VALUE_NAME) values (137,'Yes','Yes');
Insert into QUESTIONNAIRE_DATA.ALLOWABLE_VALUE (QUESTION_ID,VALUE,VALUE_NAME) values (138,'N/A','N/A');
Insert into QUESTIONNAIRE_DATA.ALLOWABLE_VALUE (QUESTION_ID,VALUE,VALUE_NAME) values (138,'No','No');
Insert into QUESTIONNAIRE_DATA.ALLOWABLE_VALUE (QUESTION_ID,VALUE,VALUE_NAME) values (138,'Yes','Yes');
Insert into QUESTIONNAIRE_DATA.ALLOWABLE_VALUE (QUESTION_ID,VALUE,VALUE_NAME) values (139,'N/A','N/A');
Insert into QUESTIONNAIRE_DATA.ALLOWABLE_VALUE (QUESTION_ID,VALUE,VALUE_NAME) values (139,'No','No');
Insert into QUESTIONNAIRE_DATA.ALLOWABLE_VALUE (QUESTION_ID,VALUE,VALUE_NAME) values (139,'Yes','Yes');
Insert into QUESTIONNAIRE_DATA.ALLOWABLE_VALUE (QUESTION_ID,VALUE,VALUE_NAME) values (140,'Yes','Yes');
Insert into QUESTIONNAIRE_DATA.ALLOWABLE_VALUE (QUESTION_ID,VALUE,VALUE_NAME) values (141,'Yes','Yes');
Insert into QUESTIONNAIRE_DATA.ALLOWABLE_VALUE (QUESTION_ID,VALUE,VALUE_NAME) values (142,'Yes','Yes');
Insert into QUESTIONNAIRE_DATA.ALLOWABLE_VALUE (QUESTION_ID,VALUE,VALUE_NAME) values (143,'Yes','Yes');
Insert into QUESTIONNAIRE_DATA.ALLOWABLE_VALUE (QUESTION_ID,VALUE,VALUE_NAME) values (140,'No','No');
Insert into QUESTIONNAIRE_DATA.ALLOWABLE_VALUE (QUESTION_ID,VALUE,VALUE_NAME) values (141,'No','No');
Insert into QUESTIONNAIRE_DATA.ALLOWABLE_VALUE (QUESTION_ID,VALUE,VALUE_NAME) values (142,'No','No');
Insert into QUESTIONNAIRE_DATA.ALLOWABLE_VALUE (QUESTION_ID,VALUE,VALUE_NAME) values (143,'No','No');
Insert into QUESTIONNAIRE_DATA.ALLOWABLE_VALUE (QUESTION_ID,VALUE,VALUE_NAME) values (140,'N/A','N/A');
Insert into QUESTIONNAIRE_DATA.ALLOWABLE_VALUE (QUESTION_ID,VALUE,VALUE_NAME) values (141,'N/A','N/A');
Insert into QUESTIONNAIRE_DATA.ALLOWABLE_VALUE (QUESTION_ID,VALUE,VALUE_NAME) values (142,'N/A','N/A');
Insert into QUESTIONNAIRE_DATA.ALLOWABLE_VALUE (QUESTION_ID,VALUE,VALUE_NAME) values (143,'N/A','N/A');
Insert into QUESTIONNAIRE_DATA.ALLOWABLE_VALUE (QUESTION_ID,VALUE,VALUE_NAME) values (146,'Fully Compliant','Fully Compliant');
Insert into QUESTIONNAIRE_DATA.ALLOWABLE_VALUE (QUESTION_ID,VALUE,VALUE_NAME) values (146,'Minor non-compliances','Minor non-compliances');
Insert into QUESTIONNAIRE_DATA.ALLOWABLE_VALUE (QUESTION_ID,VALUE,VALUE_NAME) values (146,'Moderate non-compliances','Moderate non-compliances');
Insert into QUESTIONNAIRE_DATA.ALLOWABLE_VALUE (QUESTION_ID,VALUE,VALUE_NAME) values (146,'Major non-compliances','Major non-compliances');
Insert into QUESTIONNAIRE_DATA.ALLOWABLE_VALUE (QUESTION_ID,VALUE,VALUE_NAME) values (66,'Residential','Residential');
Insert into QUESTIONNAIRE_DATA.ALLOWABLE_VALUE (QUESTION_ID,VALUE,VALUE_NAME) values (66,'Commercial','Commercial');
Insert into QUESTIONNAIRE_DATA.ALLOWABLE_VALUE (QUESTION_ID,VALUE,VALUE_NAME) values (66,'Industrial','Industrial');
Insert into QUESTIONNAIRE_DATA.ALLOWABLE_VALUE (QUESTION_ID,VALUE,VALUE_NAME) values (66,'Other','Other');
--REMINSERTING into QUESTIONNAIRE_DATA.VALIDATION_LINK
Insert into QUESTIONNAIRE_DATA.VALIDATION_LINK (QUESTION_ID,RULE_ID,RULE_VALUE) values (69,28,'10');
Insert into QUESTIONNAIRE_DATA.VALIDATION_LINK (QUESTION_ID,RULE_ID,RULE_VALUE) values (69,29,'5');

--REM INSERTING into QUESTIONNAIRE_DATA.QUESTIONNAIRE
Insert into QUESTIONNAIRE_DATA.QUESTIONNAIRE (QUESTIONNAIRE_ID,TEMPLATE_ID) values (21,21);
Insert into QUESTIONNAIRE_DATA.QUESTIONNAIRE (QUESTIONNAIRE_ID,TEMPLATE_ID) values (41,21);

--REM INSERTING into QUESTIONNAIRE_DATA.ANSWER
Insert into QUESTIONNAIRE_DATA.ANSWER (QUESTIONNAIRE_ID,QUESTION_ID,ANSWER) values (21,84,'Joe Hughes');
Insert into QUESTIONNAIRE_DATA.ANSWER (QUESTIONNAIRE_ID,QUESTION_ID,ANSWER) values (41,84,'bla');
