--------------------------------------------------------
--  Questionnaire Templates Static data
--------------------------------------------------------

Insert into QUESTIONNAIRE_DATA.ANSWER_TYPE (ANS_TYPE_ID,ANS_TYPE,ANS_TYPE_DESC) values (1,'BOOLEAN',null);
Insert into QUESTIONNAIRE_DATA.ANSWER_TYPE (ANS_TYPE_ID,ANS_TYPE,ANS_TYPE_DESC) values (2,'YN',null);
Insert into QUESTIONNAIRE_DATA.ANSWER_TYPE (ANS_TYPE_ID,ANS_TYPE,ANS_TYPE_DESC) values (3,'NUMBER',null);
Insert into QUESTIONNAIRE_DATA.ANSWER_TYPE (ANS_TYPE_ID,ANS_TYPE,ANS_TYPE_DESC) values (4,'INTEGER',null);
Insert into QUESTIONNAIRE_DATA.ANSWER_TYPE (ANS_TYPE_ID,ANS_TYPE,ANS_TYPE_DESC) values (5,'TEXT',null);
Insert into QUESTIONNAIRE_DATA.ANSWER_TYPE (ANS_TYPE_ID,ANS_TYPE,ANS_TYPE_DESC) values (6,'DATE',null);
Insert into QUESTIONNAIRE_DATA.ANSWER_TYPE (ANS_TYPE_ID,ANS_TYPE,ANS_TYPE_DESC) values (7,'TIME',null);
Insert into QUESTIONNAIRE_DATA.ANSWER_TYPE (ANS_TYPE_ID,ANS_TYPE,ANS_TYPE_DESC) values (8,'NONE',null);
Insert into QUESTIONNAIRE_DATA.ANSWER_TYPE (ANS_TYPE_ID,ANS_TYPE,ANS_TYPE_DESC) values (23,'YN-NA',null);


Insert into QUESTIONNAIRE_DATA.QUESTION_TYPE (QUESTION_TYPE_ID,QUESTION_TYPE,QUESTION_TYPE_DESC) values (1,'RADIO',null);
Insert into QUESTIONNAIRE_DATA.QUESTION_TYPE (QUESTION_TYPE_ID,QUESTION_TYPE,QUESTION_TYPE_DESC) values (2,'COMBO',null);
Insert into QUESTIONNAIRE_DATA.QUESTION_TYPE (QUESTION_TYPE_ID,QUESTION_TYPE,QUESTION_TYPE_DESC) values (3,'TABLE',null);
Insert into QUESTIONNAIRE_DATA.QUESTION_TYPE (QUESTION_TYPE_ID,QUESTION_TYPE,QUESTION_TYPE_DESC) values (4,'TEXTBOX',null);
Insert into QUESTIONNAIRE_DATA.QUESTION_TYPE (QUESTION_TYPE_ID,QUESTION_TYPE,QUESTION_TYPE_DESC) values (21,'DATEPICKER',null);
Insert into QUESTIONNAIRE_DATA.QUESTION_TYPE (QUESTION_TYPE_ID,QUESTION_TYPE,QUESTION_TYPE_DESC) values (22,'TEXTAREA',null);
Insert into QUESTIONNAIRE_DATA.QUESTION_TYPE (QUESTION_TYPE_ID,QUESTION_TYPE,QUESTION_TYPE_DESC) values (41,'DATEPICKER',null);
Insert into QUESTIONNAIRE_DATA.QUESTION_TYPE (QUESTION_TYPE_ID,QUESTION_TYPE,QUESTION_TYPE_DESC) values (42,'TEXTAREA',null);

Insert into QUESTIONNAIRE_DATA.VALIDATION_RULE (RULE_ID,RULE_NAME,RULE_MESSAGE) values (1,'Validate Block Id',null);
Insert into QUESTIONNAIRE_DATA.VALIDATION_RULE (RULE_ID,RULE_NAME,RULE_MESSAGE) values (2,'Mandatory Field',null);
Insert into QUESTIONNAIRE_DATA.VALIDATION_RULE (RULE_ID,RULE_NAME,RULE_MESSAGE) values (3,'Invalid Date',null);
Insert into QUESTIONNAIRE_DATA.VALIDATION_RULE (RULE_ID,RULE_NAME,RULE_MESSAGE) values (4,'No Future Date',null);
Insert into QUESTIONNAIRE_DATA.VALIDATION_RULE (RULE_ID,RULE_NAME,RULE_MESSAGE) values (5,'Mandatory with condition',null);
Insert into QUESTIONNAIRE_DATA.VALIDATION_RULE (RULE_ID,RULE_NAME,RULE_MESSAGE) values (6,'Mandatory if Non Compliant',null);
Insert into QUESTIONNAIRE_DATA.VALIDATION_RULE (RULE_ID,RULE_NAME,RULE_MESSAGE) values (7,'Monetary Amount',null);
Insert into QUESTIONNAIRE_DATA.VALIDATION_RULE (RULE_ID,RULE_NAME,RULE_MESSAGE) values (8,'Natural Number',null);
Insert into QUESTIONNAIRE_DATA.VALIDATION_RULE (RULE_ID,RULE_NAME,RULE_MESSAGE) values (9,'Valid Land Parcel Id/Plot Number',null);
Insert into QUESTIONNAIRE_DATA.VALIDATION_RULE (RULE_ID,RULE_NAME,RULE_MESSAGE) values (10,'Float Number',null);
Insert into QUESTIONNAIRE_DATA.VALIDATION_RULE (RULE_ID,RULE_NAME,RULE_MESSAGE) values (11,'Atleast One Entry Mandatory',null);
Insert into QUESTIONNAIRE_DATA.VALIDATION_RULE (RULE_ID,RULE_NAME,RULE_MESSAGE) values (12,'Disable val to question if answer to related met',null);
Insert into QUESTIONNAIRE_DATA.VALIDATION_RULE (RULE_ID,RULE_NAME,RULE_MESSAGE) values (13,'Mandatory if condition met in one of related',null);
Insert into QUESTIONNAIRE_DATA.VALIDATION_RULE (RULE_ID,RULE_NAME,RULE_MESSAGE) values (14,'Disable validation if answer met',null);
Insert into QUESTIONNAIRE_DATA.VALIDATION_RULE (RULE_ID,RULE_NAME,RULE_MESSAGE) values (15,'Validate Time',null);
Insert into QUESTIONNAIRE_DATA.VALIDATION_RULE (RULE_ID,RULE_NAME,RULE_MESSAGE) values (16,'One in set of questions mandatory with condition',null);
Insert into QUESTIONNAIRE_DATA.VALIDATION_RULE (RULE_ID,RULE_NAME,RULE_MESSAGE) values (17,'P value Compliance Question Set check',null);
Insert into QUESTIONNAIRE_DATA.VALIDATION_RULE (RULE_ID,RULE_NAME,RULE_MESSAGE) values (18,'Mandatory if Related Field not null',null);
Insert into QUESTIONNAIRE_DATA.VALIDATION_RULE (RULE_ID,RULE_NAME,RULE_MESSAGE) values (19,'One in set of questions mandatory',null);
Insert into QUESTIONNAIRE_DATA.VALIDATION_RULE (RULE_ID,RULE_NAME,RULE_MESSAGE) values (20,'Set of questions mandatory if one in set answered',null);
Insert into QUESTIONNAIRE_DATA.VALIDATION_RULE (RULE_ID,RULE_NAME,RULE_MESSAGE) values (21,'One in set of questions mandatory if non compliant',null);
Insert into QUESTIONNAIRE_DATA.VALIDATION_RULE (RULE_ID,RULE_NAME,RULE_MESSAGE) values (22,'Mandatory set if 1 answered, unanswered displayed',null);
Insert into QUESTIONNAIRE_DATA.VALIDATION_RULE (RULE_ID,RULE_NAME,RULE_MESSAGE) values (23,'Mandatory if section in questionnaire is non compliant',null);
Insert into QUESTIONNAIRE_DATA.VALIDATION_RULE (RULE_ID,RULE_NAME,RULE_MESSAGE) values (24,'Mandatory if question set are non compliant',null);
Insert into QUESTIONNAIRE_DATA.VALIDATION_RULE (RULE_ID,RULE_NAME,RULE_MESSAGE) values (25,'Mandatory if Related Field greater than zero',null);
Insert into QUESTIONNAIRE_DATA.VALIDATION_RULE (RULE_ID,RULE_NAME,RULE_MESSAGE) values (26,'Mandatory if Related Field Non-Compliant',null);
Insert into QUESTIONNAIRE_DATA.VALIDATION_RULE (RULE_ID,RULE_NAME,RULE_MESSAGE) values (27,'Date Check if date value not empty',null);
Insert into QUESTIONNAIRE_DATA.VALIDATION_RULE (RULE_ID,RULE_NAME,RULE_MESSAGE) values (28,'Max','Value must be no greater than');
Insert into QUESTIONNAIRE_DATA.VALIDATION_RULE (RULE_ID,RULE_NAME,RULE_MESSAGE) values (29,'Min','Value must be no less than');
Insert into QUESTIONNAIRE_DATA.VALIDATION_RULE (RULE_ID,RULE_NAME,RULE_MESSAGE) values (30,'Max Length','Value must be no longer');
Insert into QUESTIONNAIRE_DATA.VALIDATION_RULE (RULE_ID,RULE_NAME,RULE_MESSAGE) values (31,'Min Length','Value must be no shorter than');

Insert into QUESTIONNAIRE_DATA.ACTION (ACTION_ID,ACTION_NAME) values (1,'Hide based on parent');
Insert into QUESTIONNAIRE_DATA.ACTION (ACTION_ID,ACTION_NAME) values (2,'Show based on parent');
Insert into QUESTIONNAIRE_DATA.ACTION (ACTION_ID,ACTION_NAME) values (3,'Disable based on parent');
Insert into QUESTIONNAIRE_DATA.ACTION (ACTION_ID,ACTION_NAME) values (4,'Required based on parent');

Insert into QUESTIONNAIRE_DATA.GROUP_TYPE (GROUP_TYPE_ID,GROUP_TYPE,GROUP_TYPE_DESC) values (1,'Plain','Standard questionnaire group');
Insert into QUESTIONNAIRE_DATA.GROUP_TYPE (GROUP_TYPE_ID,GROUP_TYPE,GROUP_TYPE_DESC) values (2,'Table','Group questions into table columns');

--------------------------------------------------------
--  Questionnaire Templates
--------------------------------------------------------
--REMINSERTING into QUESTIONNAIRE_DATA.QUESTIONNAIRE_TEMPLATE
Insert into QUESTIONNAIRE_DATA.QUESTIONNAIRE_TEMPLATE (TEMPLATE_ID,TEMPLATE_TITLE,TEMPLATE_DESC) values (1,'NRCP Sample Part 2','First attempt at modelling.');
Insert into QUESTIONNAIRE_DATA.QUESTIONNAIRE_TEMPLATE (TEMPLATE_ID,TEMPLATE_TITLE,TEMPLATE_DESC) values (21,'FIN-FISH SITE INSPECTION QUESTIONNAIRE','RVO FinFish inspection questionnaire');
--REMINSERTING into QUESTIONNAIRE_DATA.SECTION
Insert into QUESTIONNAIRE_DATA.SECTION (TEMPLATE_ID,SECTION_ID,SECTION_TITLE,ORDER_NO) values (1,1,'Sampler Inquestionnaireation Part 2',5);
Insert into QUESTIONNAIRE_DATA.SECTION (TEMPLATE_ID,SECTION_ID,SECTION_TITLE,ORDER_NO) values (21,21,'Identity Fields Section',1);
Insert into QUESTIONNAIRE_DATA.SECTION (TEMPLATE_ID,SECTION_ID,SECTION_TITLE,ORDER_NO) values (21,22,'A. Processing And Waste Management',2);
Insert into QUESTIONNAIRE_DATA.SECTION (TEMPLATE_ID,SECTION_ID,SECTION_TITLE,ORDER_NO) values (21,23,'B. Animal Feeds',3);
Insert into QUESTIONNAIRE_DATA.SECTION (TEMPLATE_ID,SECTION_ID,SECTION_TITLE,ORDER_NO) values (21,24,'C. Animal Remedies',4);
Insert into QUESTIONNAIRE_DATA.SECTION (TEMPLATE_ID,SECTION_ID,SECTION_TITLE,ORDER_NO) values (21,25,'Non-compliances',5);
--REMINSERTING into QUESTIONNAIRE_DATA.GROUP
Insert into QUESTIONNAIRE_DATA.QUESTIONNAIRE_GROUP (SECTION_ID,GROUP_ID,GROUP_TYPE_ID,GROUP_TITLE,ORDER_NO) values (1,1,1,'First group Title',1);
Insert into QUESTIONNAIRE_DATA.QUESTIONNAIRE_GROUP (SECTION_ID,GROUP_ID,GROUP_TYPE_ID,GROUP_TITLE,ORDER_NO) values (21,26,1,'Site Details',1);
Insert into QUESTIONNAIRE_DATA.QUESTIONNAIRE_GROUP (SECTION_ID,GROUP_ID,GROUP_TYPE_ID,GROUP_TITLE,ORDER_NO) values (21,27,1,'Inspection Details',2);
Insert into QUESTIONNAIRE_DATA.QUESTIONNAIRE_GROUP (SECTION_ID,GROUP_ID,GROUP_TYPE_ID,GROUP_TITLE,ORDER_NO) values (21,28,1,'Results of Previous Inspection',3);
Insert into QUESTIONNAIRE_DATA.QUESTIONNAIRE_GROUP (SECTION_ID,GROUP_ID,GROUP_TYPE_ID,GROUP_TITLE,ORDER_NO) values (22,41,1,'On-site processing units',1);
Insert into QUESTIONNAIRE_DATA.QUESTIONNAIRE_GROUP (SECTION_ID,GROUP_ID,GROUP_TYPE_ID,GROUP_TITLE,ORDER_NO) values (22,42,2,'Details of Packaging plants used',2);
Insert into QUESTIONNAIRE_DATA.QUESTIONNAIRE_GROUP (SECTION_ID,GROUP_ID,GROUP_TYPE_ID,GROUP_TITLE,ORDER_NO) values (22,43,1,'records of dispatch',3);
Insert into QUESTIONNAIRE_DATA.QUESTIONNAIRE_GROUP (SECTION_ID,GROUP_ID,GROUP_TYPE_ID,GROUP_TITLE,ORDER_NO) values (22,44,2,'Source of fish processed on site since last inspection',4);
Insert into QUESTIONNAIRE_DATA.QUESTIONNAIRE_GROUP (SECTION_ID,GROUP_ID,GROUP_TYPE_ID,GROUP_TITLE,ORDER_NO) values (22,45,1,'Waste and Animal By-Product management',5);
Insert into QUESTIONNAIRE_DATA.QUESTIONNAIRE_GROUP (SECTION_ID,GROUP_ID,GROUP_TYPE_ID,GROUP_TITLE,ORDER_NO) values (22,46,1,'Are systems in place for',6);
--REMINSERTING into QUESTIONNAIRE_DATA.QUESTION
Insert into QUESTIONNAIRE_DATA.QUESTION (GROUP_ID,QUESTION_ID,LABEL,QUESTION_TYPE_ID,ANS_TYPE_ID,QUESTION_DESC,ORDER_NO,READONLY,MANDATORY,SENSITIVE,QUESTION_ICON,QUESTION_PLACEHOLDER,VISIBLE) values (1,5,'ARA Number',4,4,'1001',2,'Y','N','N',null,null,'Y');
Insert into QUESTIONNAIRE_DATA.QUESTION (GROUP_ID,QUESTION_ID,LABEL,QUESTION_TYPE_ID,ANS_TYPE_ID,QUESTION_DESC,ORDER_NO,READONLY,MANDATORY,SENSITIVE,QUESTION_ICON,QUESTION_PLACEHOLDER,VISIBLE) values (1,66,'Species',2,2,'2005',6,'N','Y','Y',null,null,'Y');
Insert into QUESTIONNAIRE_DATA.QUESTION (GROUP_ID,QUESTION_ID,LABEL,QUESTION_TYPE_ID,ANS_TYPE_ID,QUESTION_DESC,ORDER_NO,READONLY,MANDATORY,SENSITIVE,QUESTION_ICON,QUESTION_PLACEHOLDER,VISIBLE) values (1,67,'Sampling Point Type',2,4,'1003',4,'N','Y','N',null,null,'Y');
Insert into QUESTIONNAIRE_DATA.QUESTION (GROUP_ID,QUESTION_ID,LABEL,QUESTION_TYPE_ID,ANS_TYPE_ID,QUESTION_DESC,ORDER_NO,READONLY,MANDATORY,SENSITIVE,QUESTION_ICON,QUESTION_PLACEHOLDER,VISIBLE) values (1,68,'Sampling Officer',2,4,'1002',3,'Y','N','N',null,null,'Y');
Insert into QUESTIONNAIRE_DATA.QUESTION (GROUP_ID,QUESTION_ID,LABEL,QUESTION_TYPE_ID,ANS_TYPE_ID,QUESTION_DESC,ORDER_NO,READONLY,MANDATORY,SENSITIVE,QUESTION_ICON,QUESTION_PLACEHOLDER,VISIBLE) values (1,69,'Sampling Point',2,3,'1004',5,'N','Y','N',null,null,'Y');
Insert into QUESTIONNAIRE_DATA.QUESTION (GROUP_ID,QUESTION_ID,LABEL,QUESTION_TYPE_ID,ANS_TYPE_ID,QUESTION_DESC,ORDER_NO,READONLY,MANDATORY,SENSITIVE,QUESTION_ICON,QUESTION_PLACEHOLDER,VISIBLE) values (26,84,'Manager''s Name',4,5,'Please enter the managers name',1,'N','Y','N',null,null,'Y');
Insert into QUESTIONNAIRE_DATA.QUESTION (GROUP_ID,QUESTION_ID,LABEL,QUESTION_TYPE_ID,ANS_TYPE_ID,QUESTION_DESC,ORDER_NO,READONLY,MANDATORY,SENSITIVE,QUESTION_ICON,QUESTION_PLACEHOLDER,VISIBLE) values (26,85,'Phone No.',4,5,'Please enter the managers phone number',2,'N','Y','N',null,null,'Y');
Insert into QUESTIONNAIRE_DATA.QUESTION (GROUP_ID,QUESTION_ID,LABEL,QUESTION_TYPE_ID,ANS_TYPE_ID,QUESTION_DESC,ORDER_NO,READONLY,MANDATORY,SENSITIVE,QUESTION_ICON,QUESTION_PLACEHOLDER,VISIBLE) values (26,86,'Email address',4,5,'Please enter the managers email address',3,'N','Y','N',null,null,'Y');
Insert into QUESTIONNAIRE_DATA.QUESTION (GROUP_ID,QUESTION_ID,LABEL,QUESTION_TYPE_ID,ANS_TYPE_ID,QUESTION_DESC,ORDER_NO,READONLY,MANDATORY,SENSITIVE,QUESTION_ICON,QUESTION_PLACEHOLDER,VISIBLE) values (26,87,'Species kept on site',4,5,'Please enter the Species kept on site',4,'N','Y','N',null,null,'Y');
Insert into QUESTIONNAIRE_DATA.QUESTION (GROUP_ID,QUESTION_ID,LABEL,QUESTION_TYPE_ID,ANS_TYPE_ID,QUESTION_DESC,ORDER_NO,READONLY,MANDATORY,SENSITIVE,QUESTION_ICON,QUESTION_PLACEHOLDER,VISIBLE) values (26,88,'PVP Practice',4,5,'Please enter the PVP Practice details',5,'N','Y','N',null,null,'Y');
Insert into QUESTIONNAIRE_DATA.QUESTION (GROUP_ID,QUESTION_ID,LABEL,QUESTION_TYPE_ID,ANS_TYPE_ID,QUESTION_DESC,ORDER_NO,READONLY,MANDATORY,SENSITIVE,QUESTION_ICON,QUESTION_PLACEHOLDER,VISIBLE) values (27,89,'Site Inspection No',4,5,'Please enter the Site Inspection No',1,'N','Y','N',null,null,'Y');
Insert into QUESTIONNAIRE_DATA.QUESTION (GROUP_ID,QUESTION_ID,LABEL,QUESTION_TYPE_ID,ANS_TYPE_ID,QUESTION_DESC,ORDER_NO,READONLY,MANDATORY,SENSITIVE,QUESTION_ICON,QUESTION_PLACEHOLDER,VISIBLE) values (27,90,'Is Site',2,5,'Is the site Active or Inactive',2,'N','Y','N',null,null,'Y');
Insert into QUESTIONNAIRE_DATA.QUESTION (GROUP_ID,QUESTION_ID,LABEL,QUESTION_TYPE_ID,ANS_TYPE_ID,QUESTION_DESC,ORDER_NO,READONLY,MANDATORY,SENSITIVE,QUESTION_ICON,QUESTION_PLACEHOLDER,VISIBLE) values (27,94,'Type of Inspection',2,5,'What is the inspection type',3,'N','Y','N',null,null,'Y');
Insert into QUESTIONNAIRE_DATA.QUESTION (GROUP_ID,QUESTION_ID,LABEL,QUESTION_TYPE_ID,ANS_TYPE_ID,QUESTION_DESC,ORDER_NO,READONLY,MANDATORY,SENSITIVE,QUESTION_ICON,QUESTION_PLACEHOLDER,VISIBLE) values (27,95,'Risk Categorisation',2,5,'What is the Risk Categorisation',4,'N','Y','N',null,null,'Y');
Insert into QUESTIONNAIRE_DATA.QUESTION (GROUP_ID,QUESTION_ID,LABEL,QUESTION_TYPE_ID,ANS_TYPE_ID,QUESTION_DESC,ORDER_NO,READONLY,MANDATORY,SENSITIVE,QUESTION_ICON,QUESTION_PLACEHOLDER,VISIBLE) values (27,96,'Water Temp °C at time of inspection',4,3,'Temperature in degrees Celsius at time of inspection',5,'N','Y','N',null,null,'Y');
Insert into QUESTIONNAIRE_DATA.QUESTION (GROUP_ID,QUESTION_ID,LABEL,QUESTION_TYPE_ID,ANS_TYPE_ID,QUESTION_DESC,ORDER_NO,READONLY,MANDATORY,SENSITIVE,QUESTION_ICON,QUESTION_PLACEHOLDER,VISIBLE) values (28,97,'Date of Previous Inspection',21,6,'Enter Date of previous inspection',1,'N','N','N',null,null,'Y');
Insert into QUESTIONNAIRE_DATA.QUESTION (GROUP_ID,QUESTION_ID,LABEL,QUESTION_TYPE_ID,ANS_TYPE_ID,QUESTION_DESC,ORDER_NO,READONLY,MANDATORY,SENSITIVE,QUESTION_ICON,QUESTION_PLACEHOLDER,VISIBLE) values (28,98,'Name of Inspector(s)',4,5,'Names of all inspectors at the prvious inspection',2,'N','N','N',null,null,'Y');
Insert into QUESTIONNAIRE_DATA.QUESTION (GROUP_ID,QUESTION_ID,LABEL,QUESTION_TYPE_ID,ANS_TYPE_ID,QUESTION_DESC,ORDER_NO,READONLY,MANDATORY,SENSITIVE,QUESTION_ICON,QUESTION_PLACEHOLDER,VISIBLE) values (28,99,'Where any Non-compliances identified',1,2,'Where any Non-compliances identified at the previous inspection',3,'N','N','N',null,null,'Y');
Insert into QUESTIONNAIRE_DATA.QUESTION (GROUP_ID,QUESTION_ID,LABEL,QUESTION_TYPE_ID,ANS_TYPE_ID,QUESTION_DESC,ORDER_NO,READONLY,MANDATORY,SENSITIVE,QUESTION_ICON,QUESTION_PLACEHOLDER,VISIBLE) values (28,100,'Where relevant, have all non-compliances identified in the previous inspection been adequately addressed?',1,23,'Where relevant, have all non-compliances identified in the previous inspection been adequately addressed?',4,'N','N','N',null,null,'Y');
Insert into QUESTIONNAIRE_DATA.QUESTION (GROUP_ID,QUESTION_ID,LABEL,QUESTION_TYPE_ID,ANS_TYPE_ID,QUESTION_DESC,ORDER_NO,READONLY,MANDATORY,SENSITIVE,QUESTION_ICON,QUESTION_PLACEHOLDER,VISIBLE) values (28,101,'If "No", please provide details',22,5,'If "No", please provide details',5,'N','N','N',null,null,'Y');
Insert into QUESTIONNAIRE_DATA.QUESTION (GROUP_ID,QUESTION_ID,LABEL,QUESTION_TYPE_ID,ANS_TYPE_ID,QUESTION_DESC,ORDER_NO,READONLY,MANDATORY,SENSITIVE,QUESTION_ICON,QUESTION_PLACEHOLDER,VISIBLE) values (41,121,'Does processing take place on site',1,2,'Does processing take place on site',1,'N','Y','N',null,null,'Y');
Insert into QUESTIONNAIRE_DATA.QUESTION (GROUP_ID,QUESTION_ID,LABEL,QUESTION_TYPE_ID,ANS_TYPE_ID,QUESTION_DESC,ORDER_NO,READONLY,MANDATORY,SENSITIVE,QUESTION_ICON,QUESTION_PLACEHOLDER,VISIBLE) values (41,122,'If "No", where are fish processed',22,5,'If "No", where are fish processed',2,'N','N','N',null,null,'Y');
Insert into QUESTIONNAIRE_DATA.QUESTION (GROUP_ID,QUESTION_ID,LABEL,QUESTION_TYPE_ID,ANS_TYPE_ID,QUESTION_DESC,ORDER_NO,READONLY,MANDATORY,SENSITIVE,QUESTION_ICON,QUESTION_PLACEHOLDER,VISIBLE) values (41,123,'If "Yes" does the processing unit have an effluent treatment system',1,2,'If "Yes" does the processing unit have an effluent treatment system',3,'N','N','N',null,null,'Y');
Insert into QUESTIONNAIRE_DATA.QUESTION (GROUP_ID,QUESTION_ID,LABEL,QUESTION_TYPE_ID,ANS_TYPE_ID,QUESTION_DESC,ORDER_NO,READONLY,MANDATORY,SENSITIVE,QUESTION_ICON,QUESTION_PLACEHOLDER,VISIBLE) values (41,124,'If "Yes" provide system specifications',22,5,'If "Yes" provide system specifications',4,'N','N','N',null,null,'Y');
Insert into QUESTIONNAIRE_DATA.QUESTION (GROUP_ID,QUESTION_ID,LABEL,QUESTION_TYPE_ID,ANS_TYPE_ID,QUESTION_DESC,ORDER_NO,READONLY,MANDATORY,SENSITIVE,QUESTION_ICON,QUESTION_PLACEHOLDER,VISIBLE) values (41,125,'If "No" where does the processing waste discharge to',22,5,'If "No" where does the processing waste discharge to',5,'N','N','N',null,null,'Y');
Insert into QUESTIONNAIRE_DATA.QUESTION (GROUP_ID,QUESTION_ID,LABEL,QUESTION_TYPE_ID,ANS_TYPE_ID,QUESTION_DESC,ORDER_NO,READONLY,MANDATORY,SENSITIVE,QUESTION_ICON,QUESTION_PLACEHOLDER,VISIBLE) values (42,126,'Name',4,5,'Name',1,'N','Y','N',null,null,'Y');
Insert into QUESTIONNAIRE_DATA.QUESTION (GROUP_ID,QUESTION_ID,LABEL,QUESTION_TYPE_ID,ANS_TYPE_ID,QUESTION_DESC,ORDER_NO,READONLY,MANDATORY,SENSITIVE,QUESTION_ICON,QUESTION_PLACEHOLDER,VISIBLE) values (42,127,'Address',4,5,'Address',2,'N','Y','N',null,null,'Y');
Insert into QUESTIONNAIRE_DATA.QUESTION (GROUP_ID,QUESTION_ID,LABEL,QUESTION_TYPE_ID,ANS_TYPE_ID,QUESTION_DESC,ORDER_NO,READONLY,MANDATORY,SENSITIVE,QUESTION_ICON,QUESTION_PLACEHOLDER,VISIBLE) values (42,128,'Approval No.',4,5,'Approval No.',3,'N','Y','N',null,null,'Y');
Insert into QUESTIONNAIRE_DATA.QUESTION (GROUP_ID,QUESTION_ID,LABEL,QUESTION_TYPE_ID,ANS_TYPE_ID,QUESTION_DESC,ORDER_NO,READONLY,MANDATORY,SENSITIVE,QUESTION_ICON,QUESTION_PLACEHOLDER,VISIBLE) values (43,129,'Are records of dispatch to packaging plants satisfactory',1,23,'Are records of dispatch to packaging plants satisfactory',1,'N','Y','N',null,null,'Y');
Insert into QUESTIONNAIRE_DATA.QUESTION (GROUP_ID,QUESTION_ID,LABEL,QUESTION_TYPE_ID,ANS_TYPE_ID,QUESTION_DESC,ORDER_NO,READONLY,MANDATORY,SENSITIVE,QUESTION_ICON,QUESTION_PLACEHOLDER,VISIBLE) values (43,130,'If "No" please comment',22,5,'If "No" please comment',2,'N','N','N',null,null,'Y');
Insert into QUESTIONNAIRE_DATA.QUESTION (GROUP_ID,QUESTION_ID,LABEL,QUESTION_TYPE_ID,ANS_TYPE_ID,QUESTION_DESC,ORDER_NO,READONLY,MANDATORY,SENSITIVE,QUESTION_ICON,QUESTION_PLACEHOLDER,VISIBLE) values (44,131,'Date',21,6,'Date',1,'N','Y','N',null,null,'Y');
Insert into QUESTIONNAIRE_DATA.QUESTION (GROUP_ID,QUESTION_ID,LABEL,QUESTION_TYPE_ID,ANS_TYPE_ID,QUESTION_DESC,ORDER_NO,READONLY,MANDATORY,SENSITIVE,QUESTION_ICON,QUESTION_PLACEHOLDER,VISIBLE) values (44,132,'Source',4,5,'Source',2,'N','Y','N',null,null,'Y');
Insert into QUESTIONNAIRE_DATA.QUESTION (GROUP_ID,QUESTION_ID,LABEL,QUESTION_TYPE_ID,ANS_TYPE_ID,QUESTION_DESC,ORDER_NO,READONLY,MANDATORY,SENSITIVE,QUESTION_ICON,QUESTION_PLACEHOLDER,VISIBLE) values (44,133,'No. of Fish',4,3,'Source',3,'N','Y','N',null,null,'Y');
Insert into QUESTIONNAIRE_DATA.QUESTION (GROUP_ID,QUESTION_ID,LABEL,QUESTION_TYPE_ID,ANS_TYPE_ID,QUESTION_DESC,ORDER_NO,READONLY,MANDATORY,SENSITIVE,QUESTION_ICON,QUESTION_PLACEHOLDER,VISIBLE) values (44,134,'Destination',4,5,'Source',4,'N','Y','N',null,null,'Y');
Insert into QUESTIONNAIRE_DATA.QUESTION (GROUP_ID,QUESTION_ID,LABEL,QUESTION_TYPE_ID,ANS_TYPE_ID,QUESTION_DESC,ORDER_NO,READONLY,MANDATORY,SENSITIVE,QUESTION_ICON,QUESTION_PLACEHOLDER,VISIBLE) values (45,135,'Are systems in place to avoid accumulation of waste in harvesting/production areas',1,23,'Are systems in place to avoid accumulation of waste in harvesting/production areas',1,'N','Y','N',null,null,'Y');
Insert into QUESTIONNAIRE_DATA.QUESTION (GROUP_ID,QUESTION_ID,LABEL,QUESTION_TYPE_ID,ANS_TYPE_ID,QUESTION_DESC,ORDER_NO,READONLY,MANDATORY,SENSITIVE,QUESTION_ICON,QUESTION_PLACEHOLDER,VISIBLE) values (45,136,'If "No" please comment',22,5,'If "No" please comment',2,'N','N','N',null,null,'Y');
Insert into QUESTIONNAIRE_DATA.QUESTION (GROUP_ID,QUESTION_ID,LABEL,QUESTION_TYPE_ID,ANS_TYPE_ID,QUESTION_DESC,ORDER_NO,READONLY,MANDATORY,SENSITIVE,QUESTION_ICON,QUESTION_PLACEHOLDER,VISIBLE) values (46,137,'Are systems in place for proper disposal of waste',1,23,'Are systems in place for proper disposal of waste',1,'N','Y','N',null,null,'Y');
Insert into QUESTIONNAIRE_DATA.QUESTION (GROUP_ID,QUESTION_ID,LABEL,QUESTION_TYPE_ID,ANS_TYPE_ID,QUESTION_DESC,ORDER_NO,READONLY,MANDATORY,SENSITIVE,QUESTION_ICON,QUESTION_PLACEHOLDER,VISIBLE) values (46,138,'Are systems in place for collection and disposal of category 2 waste - mortalities',1,23,'Are systems in place for collection and disposal of category 2 waste - mortalities',2,'N','Y','N',null,null,'Y');
Insert into QUESTIONNAIRE_DATA.QUESTION (GROUP_ID,QUESTION_ID,LABEL,QUESTION_TYPE_ID,ANS_TYPE_ID,QUESTION_DESC,ORDER_NO,READONLY,MANDATORY,SENSITIVE,QUESTION_ICON,QUESTION_PLACEHOLDER,VISIBLE) values (46,139,'Are systems in place for collection and disposal of category 3 waste - blood water',1,23,'Are systems in place for collection and disposal of category 3 waste - blood water',3,'N','Y','N',null,null,'Y');
Insert into QUESTIONNAIRE_DATA.QUESTION (GROUP_ID,QUESTION_ID,LABEL,QUESTION_TYPE_ID,ANS_TYPE_ID,QUESTION_DESC,ORDER_NO,READONLY,MANDATORY,SENSITIVE,QUESTION_ICON,QUESTION_PLACEHOLDER,VISIBLE) values (46,140,'Are waste containers appropriately designed, clearly identified and properly labelled according to category of waste',1,23,'Are waste containers appropriately designed, clearly identified and properly labelled according to category of waste',4,'N','Y','N',null,null,'Y');
Insert into QUESTIONNAIRE_DATA.QUESTION (GROUP_ID,QUESTION_ID,LABEL,QUESTION_TYPE_ID,ANS_TYPE_ID,QUESTION_DESC,ORDER_NO,READONLY,MANDATORY,SENSITIVE,QUESTION_ICON,QUESTION_PLACEHOLDER,VISIBLE) values (46,141,'Has the farm a contract with an authorised waste disposal collector',1,23,'Has the farm a contract with an authorised waste disposal collector',5,'N','Y','N',null,null,'Y');
Insert into QUESTIONNAIRE_DATA.QUESTION (GROUP_ID,QUESTION_ID,LABEL,QUESTION_TYPE_ID,ANS_TYPE_ID,QUESTION_DESC,ORDER_NO,READONLY,MANDATORY,SENSITIVE,QUESTION_ICON,QUESTION_PLACEHOLDER,VISIBLE) values (46,142,'Are records of disposal (commercial documents) available',1,23,'Are records of disposal (commercial documents) available',6,'N','Y','N',null,null,'Y');
Insert into QUESTIONNAIRE_DATA.QUESTION (GROUP_ID,QUESTION_ID,LABEL,QUESTION_TYPE_ID,ANS_TYPE_ID,QUESTION_DESC,ORDER_NO,READONLY,MANDATORY,SENSITIVE,QUESTION_ICON,QUESTION_PLACEHOLDER,VISIBLE) values (46,143,'Are ABP shipments transported by DAFF registered hauliers? (provide details)',1,23,'Are ABP shipments transported by DAFF registered hauliers? (provide details)',7,'N','Y','N',null,null,'Y');
Insert into QUESTIONNAIRE_DATA.QUESTION (GROUP_ID,QUESTION_ID,LABEL,QUESTION_TYPE_ID,ANS_TYPE_ID,QUESTION_DESC,ORDER_NO,READONLY,MANDATORY,SENSITIVE,QUESTION_ICON,QUESTION_PLACEHOLDER,VISIBLE) values (46,144,'Please provide comment',22,5,'Please provide comment',8,'N','Y','N',null,null,'Y');
Insert into QUESTIONNAIRE_DATA.QUESTION (GROUP_ID,QUESTION_ID,LABEL,QUESTION_TYPE_ID,ANS_TYPE_ID,QUESTION_DESC,ORDER_NO,READONLY,MANDATORY,SENSITIVE,QUESTION_ICON,QUESTION_PLACEHOLDER,VISIBLE) values (46,145,'Describe the method for disposing of excess fishmeal/blood products, waste feed, empty bags and floor sweepings from the mill or feed storage area',22,5,'Describe the method for disposing of excess fishmeal/blood products, waste feed, empty bags and floor sweepings from the mill or feed storage area',9,'N','Y','N',null,null,'Y');
Insert into QUESTIONNAIRE_DATA.QUESTION (GROUP_ID,QUESTION_ID,LABEL,QUESTION_TYPE_ID,ANS_TYPE_ID,QUESTION_DESC,ORDER_NO,READONLY,MANDATORY,SENSITIVE,QUESTION_ICON,QUESTION_PLACEHOLDER,VISIBLE) values (46,146,'Processing and Waste Management Compliance rating',2,5,'Processing and Waste Management Compliance rating',10,'N','Y','N',null,null,'Y');
--REMINSERTING into QUESTIONNAIRE_DATA.ACTION_VALUE
Insert into QUESTIONNAIRE_DATA.ACTION_VALUE (ACT_VAL_ID,QUESTION_ID,ACTION_ID,ACTION_VALUE) values (43,100,4,'No');
Insert into QUESTIONNAIRE_DATA.ACTION_VALUE (ACT_VAL_ID,QUESTION_ID,ACTION_ID,ACTION_VALUE) values (41,66,3,'Sheep');
Insert into QUESTIONNAIRE_DATA.ACTION_VALUE (ACT_VAL_ID,QUESTION_ID,ACTION_ID,ACTION_VALUE) values (42,100,2,'No');
Insert into QUESTIONNAIRE_DATA.ACTION_VALUE (ACT_VAL_ID,QUESTION_ID,ACTION_ID,ACTION_VALUE) values (44,100,1,'Yes');
Insert into QUESTIONNAIRE_DATA.ACTION_VALUE (ACT_VAL_ID,QUESTION_ID,ACTION_ID,ACTION_VALUE) values (45,100,1,'N/A');
Insert into QUESTIONNAIRE_DATA.ACTION_VALUE (ACT_VAL_ID,QUESTION_ID,ACTION_ID,ACTION_VALUE) values (61,121,2,'No');
Insert into QUESTIONNAIRE_DATA.ACTION_VALUE (ACT_VAL_ID,QUESTION_ID,ACTION_ID,ACTION_VALUE) values (62,121,1,'No');
Insert into QUESTIONNAIRE_DATA.ACTION_VALUE (ACT_VAL_ID,QUESTION_ID,ACTION_ID,ACTION_VALUE) values (63,121,1,'Yes');
Insert into QUESTIONNAIRE_DATA.ACTION_VALUE (ACT_VAL_ID,QUESTION_ID,ACTION_ID,ACTION_VALUE) values (64,121,2,'Yes');
Insert into QUESTIONNAIRE_DATA.ACTION_VALUE (ACT_VAL_ID,QUESTION_ID,ACTION_ID,ACTION_VALUE) values (65,121,4,'Yes');
Insert into QUESTIONNAIRE_DATA.ACTION_VALUE (ACT_VAL_ID,QUESTION_ID,ACTION_ID,ACTION_VALUE) values (66,121,4,'No');
Insert into QUESTIONNAIRE_DATA.ACTION_VALUE (ACT_VAL_ID,QUESTION_ID,ACTION_ID,ACTION_VALUE) values (67,123,1,'Yes');
Insert into QUESTIONNAIRE_DATA.ACTION_VALUE (ACT_VAL_ID,QUESTION_ID,ACTION_ID,ACTION_VALUE) values (68,123,2,'Yes');
Insert into QUESTIONNAIRE_DATA.ACTION_VALUE (ACT_VAL_ID,QUESTION_ID,ACTION_ID,ACTION_VALUE) values (69,123,4,'Yes');
Insert into QUESTIONNAIRE_DATA.ACTION_VALUE (ACT_VAL_ID,QUESTION_ID,ACTION_ID,ACTION_VALUE) values (70,123,1,'No');
Insert into QUESTIONNAIRE_DATA.ACTION_VALUE (ACT_VAL_ID,QUESTION_ID,ACTION_ID,ACTION_VALUE) values (71,123,2,'No');
Insert into QUESTIONNAIRE_DATA.ACTION_VALUE (ACT_VAL_ID,QUESTION_ID,ACTION_ID,ACTION_VALUE) values (72,123,4,'No');
Insert into QUESTIONNAIRE_DATA.ACTION_VALUE (ACT_VAL_ID,QUESTION_ID,ACTION_ID,ACTION_VALUE) values (73,129,2,'No');
Insert into QUESTIONNAIRE_DATA.ACTION_VALUE (ACT_VAL_ID,QUESTION_ID,ACTION_ID,ACTION_VALUE) values (74,129,4,'No');
Insert into QUESTIONNAIRE_DATA.ACTION_VALUE (ACT_VAL_ID,QUESTION_ID,ACTION_ID,ACTION_VALUE) values (75,129,1,'Yes');
Insert into QUESTIONNAIRE_DATA.ACTION_VALUE (ACT_VAL_ID,QUESTION_ID,ACTION_ID,ACTION_VALUE) values (76,129,1,'N/A');
Insert into QUESTIONNAIRE_DATA.ACTION_VALUE (ACT_VAL_ID,QUESTION_ID,ACTION_ID,ACTION_VALUE) values (77,135,2,'No');
Insert into QUESTIONNAIRE_DATA.ACTION_VALUE (ACT_VAL_ID,QUESTION_ID,ACTION_ID,ACTION_VALUE) values (78,135,4,'No');
Insert into QUESTIONNAIRE_DATA.ACTION_VALUE (ACT_VAL_ID,QUESTION_ID,ACTION_ID,ACTION_VALUE) values (79,135,1,'Yes');
Insert into QUESTIONNAIRE_DATA.ACTION_VALUE (ACT_VAL_ID,QUESTION_ID,ACTION_ID,ACTION_VALUE) values (80,135,1,'N/A');
Insert into QUESTIONNAIRE_DATA.ACTION_VALUE (ACT_VAL_ID,QUESTION_ID,ACTION_ID,ACTION_VALUE) values (23,66,1,'Cow');
--REMINSERTING into QUESTIONNAIRE_DATA.ACTION_LINK
Insert into QUESTIONNAIRE_DATA.ACTION_LINK (ACT_VAL_ID,QUESTION_ID) values (23,67);
Insert into QUESTIONNAIRE_DATA.ACTION_LINK (ACT_VAL_ID,QUESTION_ID) values (23,68);
Insert into QUESTIONNAIRE_DATA.ACTION_LINK (ACT_VAL_ID,QUESTION_ID) values (23,69);
Insert into QUESTIONNAIRE_DATA.ACTION_LINK (ACT_VAL_ID,QUESTION_ID) values (41,67);
Insert into QUESTIONNAIRE_DATA.ACTION_LINK (ACT_VAL_ID,QUESTION_ID) values (41,68);
Insert into QUESTIONNAIRE_DATA.ACTION_LINK (ACT_VAL_ID,QUESTION_ID) values (41,69);
Insert into QUESTIONNAIRE_DATA.ACTION_LINK (ACT_VAL_ID,QUESTION_ID) values (42,101);
Insert into QUESTIONNAIRE_DATA.ACTION_LINK (ACT_VAL_ID,QUESTION_ID) values (43,101);
Insert into QUESTIONNAIRE_DATA.ACTION_LINK (ACT_VAL_ID,QUESTION_ID) values (44,101);
Insert into QUESTIONNAIRE_DATA.ACTION_LINK (ACT_VAL_ID,QUESTION_ID) values (45,101);
Insert into QUESTIONNAIRE_DATA.ACTION_LINK (ACT_VAL_ID,QUESTION_ID) values (61,122);
Insert into QUESTIONNAIRE_DATA.ACTION_LINK (ACT_VAL_ID,QUESTION_ID) values (62,123);
Insert into QUESTIONNAIRE_DATA.ACTION_LINK (ACT_VAL_ID,QUESTION_ID) values (63,122);
Insert into QUESTIONNAIRE_DATA.ACTION_LINK (ACT_VAL_ID,QUESTION_ID) values (64,123);
Insert into QUESTIONNAIRE_DATA.ACTION_LINK (ACT_VAL_ID,QUESTION_ID) values (65,123);
Insert into QUESTIONNAIRE_DATA.ACTION_LINK (ACT_VAL_ID,QUESTION_ID) values (66,122);
Insert into QUESTIONNAIRE_DATA.ACTION_LINK (ACT_VAL_ID,QUESTION_ID) values (67,125);
Insert into QUESTIONNAIRE_DATA.ACTION_LINK (ACT_VAL_ID,QUESTION_ID) values (68,124);
Insert into QUESTIONNAIRE_DATA.ACTION_LINK (ACT_VAL_ID,QUESTION_ID) values (69,124);
Insert into QUESTIONNAIRE_DATA.ACTION_LINK (ACT_VAL_ID,QUESTION_ID) values (70,124);
Insert into QUESTIONNAIRE_DATA.ACTION_LINK (ACT_VAL_ID,QUESTION_ID) values (71,125);
Insert into QUESTIONNAIRE_DATA.ACTION_LINK (ACT_VAL_ID,QUESTION_ID) values (72,125);
Insert into QUESTIONNAIRE_DATA.ACTION_LINK (ACT_VAL_ID,QUESTION_ID) values (73,130);
Insert into QUESTIONNAIRE_DATA.ACTION_LINK (ACT_VAL_ID,QUESTION_ID) values (74,130);
Insert into QUESTIONNAIRE_DATA.ACTION_LINK (ACT_VAL_ID,QUESTION_ID) values (75,130);
Insert into QUESTIONNAIRE_DATA.ACTION_LINK (ACT_VAL_ID,QUESTION_ID) values (76,130);
Insert into QUESTIONNAIRE_DATA.ACTION_LINK (ACT_VAL_ID,QUESTION_ID) values (77,136);
Insert into QUESTIONNAIRE_DATA.ACTION_LINK (ACT_VAL_ID,QUESTION_ID) values (78,136);
Insert into QUESTIONNAIRE_DATA.ACTION_LINK (ACT_VAL_ID,QUESTION_ID) values (79,136);
Insert into QUESTIONNAIRE_DATA.ACTION_LINK (ACT_VAL_ID,QUESTION_ID) values (80,136);
--REMINSERTING into QUESTIONNAIRE_DATA.ALLOWABLE_VALUE
Insert into QUESTIONNAIRE_DATA.ALLOWABLE_VALUE (QUESTION_ID,VALUE,VALUE_NAME) values (90,'Active','Active');
Insert into QUESTIONNAIRE_DATA.ALLOWABLE_VALUE (QUESTION_ID,VALUE,VALUE_NAME) values (90,'Fallow','Fallow');
Insert into QUESTIONNAIRE_DATA.ALLOWABLE_VALUE (QUESTION_ID,VALUE,VALUE_NAME) values (94,'"Normal" 2006/88/EC','"Normal" 2006/88/EC');
Insert into QUESTIONNAIRE_DATA.ALLOWABLE_VALUE (QUESTION_ID,VALUE,VALUE_NAME) values (94,'Follow-Up/Compliance','Follow-Up/Compliance');
Insert into QUESTIONNAIRE_DATA.ALLOWABLE_VALUE (QUESTION_ID,VALUE,VALUE_NAME) values (94,'Triggered Inspection','Triggered Inspection');
Insert into QUESTIONNAIRE_DATA.ALLOWABLE_VALUE (QUESTION_ID,VALUE,VALUE_NAME) values (94,'Testing prior to export','Testing prior to export');
Insert into QUESTIONNAIRE_DATA.ALLOWABLE_VALUE (QUESTION_ID,VALUE,VALUE_NAME) values (95,'High','High');
Insert into QUESTIONNAIRE_DATA.ALLOWABLE_VALUE (QUESTION_ID,VALUE,VALUE_NAME) values (95,'Medium','Medium');
Insert into QUESTIONNAIRE_DATA.ALLOWABLE_VALUE (QUESTION_ID,VALUE,VALUE_NAME) values (95,'Low','Low');
Insert into QUESTIONNAIRE_DATA.ALLOWABLE_VALUE (QUESTION_ID,VALUE,VALUE_NAME) values (99,'Yes','Yes');
Insert into QUESTIONNAIRE_DATA.ALLOWABLE_VALUE (QUESTION_ID,VALUE,VALUE_NAME) values (99,'No','No');
Insert into QUESTIONNAIRE_DATA.ALLOWABLE_VALUE (QUESTION_ID,VALUE,VALUE_NAME) values (100,'Yes','Yes');
Insert into QUESTIONNAIRE_DATA.ALLOWABLE_VALUE (QUESTION_ID,VALUE,VALUE_NAME) values (100,'No','No');
Insert into QUESTIONNAIRE_DATA.ALLOWABLE_VALUE (QUESTION_ID,VALUE,VALUE_NAME) values (100,'N/A','N/A');
Insert into QUESTIONNAIRE_DATA.ALLOWABLE_VALUE (QUESTION_ID,VALUE,VALUE_NAME) values (121,'Yes','Yes');
Insert into QUESTIONNAIRE_DATA.ALLOWABLE_VALUE (QUESTION_ID,VALUE,VALUE_NAME) values (121,'No','No');
Insert into QUESTIONNAIRE_DATA.ALLOWABLE_VALUE (QUESTION_ID,VALUE,VALUE_NAME) values (122,'Yes','Yes');
Insert into QUESTIONNAIRE_DATA.ALLOWABLE_VALUE (QUESTION_ID,VALUE,VALUE_NAME) values (122,'No','No');
Insert into QUESTIONNAIRE_DATA.ALLOWABLE_VALUE (QUESTION_ID,VALUE,VALUE_NAME) values (129,'Yes','Yes');
Insert into QUESTIONNAIRE_DATA.ALLOWABLE_VALUE (QUESTION_ID,VALUE,VALUE_NAME) values (129,'No','No');
Insert into QUESTIONNAIRE_DATA.ALLOWABLE_VALUE (QUESTION_ID,VALUE,VALUE_NAME) values (129,'N/A','N/A');
Insert into QUESTIONNAIRE_DATA.ALLOWABLE_VALUE (QUESTION_ID,VALUE,VALUE_NAME) values (135,'N/A','N/A');
Insert into QUESTIONNAIRE_DATA.ALLOWABLE_VALUE (QUESTION_ID,VALUE,VALUE_NAME) values (135,'No','No');
Insert into QUESTIONNAIRE_DATA.ALLOWABLE_VALUE (QUESTION_ID,VALUE,VALUE_NAME) values (135,'Yes','Yes');
Insert into QUESTIONNAIRE_DATA.ALLOWABLE_VALUE (QUESTION_ID,VALUE,VALUE_NAME) values (137,'N/A','N/A');
Insert into QUESTIONNAIRE_DATA.ALLOWABLE_VALUE (QUESTION_ID,VALUE,VALUE_NAME) values (137,'No','No');
Insert into QUESTIONNAIRE_DATA.ALLOWABLE_VALUE (QUESTION_ID,VALUE,VALUE_NAME) values (137,'Yes','Yes');
Insert into QUESTIONNAIRE_DATA.ALLOWABLE_VALUE (QUESTION_ID,VALUE,VALUE_NAME) values (138,'N/A','N/A');
Insert into QUESTIONNAIRE_DATA.ALLOWABLE_VALUE (QUESTION_ID,VALUE,VALUE_NAME) values (138,'No','No');
Insert into QUESTIONNAIRE_DATA.ALLOWABLE_VALUE (QUESTION_ID,VALUE,VALUE_NAME) values (138,'Yes','Yes');
Insert into QUESTIONNAIRE_DATA.ALLOWABLE_VALUE (QUESTION_ID,VALUE,VALUE_NAME) values (139,'N/A','N/A');
Insert into QUESTIONNAIRE_DATA.ALLOWABLE_VALUE (QUESTION_ID,VALUE,VALUE_NAME) values (139,'No','No');
Insert into QUESTIONNAIRE_DATA.ALLOWABLE_VALUE (QUESTION_ID,VALUE,VALUE_NAME) values (139,'Yes','Yes');
Insert into QUESTIONNAIRE_DATA.ALLOWABLE_VALUE (QUESTION_ID,VALUE,VALUE_NAME) values (140,'Yes','Yes');
Insert into QUESTIONNAIRE_DATA.ALLOWABLE_VALUE (QUESTION_ID,VALUE,VALUE_NAME) values (141,'Yes','Yes');
Insert into QUESTIONNAIRE_DATA.ALLOWABLE_VALUE (QUESTION_ID,VALUE,VALUE_NAME) values (142,'Yes','Yes');
Insert into QUESTIONNAIRE_DATA.ALLOWABLE_VALUE (QUESTION_ID,VALUE,VALUE_NAME) values (143,'Yes','Yes');
Insert into QUESTIONNAIRE_DATA.ALLOWABLE_VALUE (QUESTION_ID,VALUE,VALUE_NAME) values (140,'No','No');
Insert into QUESTIONNAIRE_DATA.ALLOWABLE_VALUE (QUESTION_ID,VALUE,VALUE_NAME) values (141,'No','No');
Insert into QUESTIONNAIRE_DATA.ALLOWABLE_VALUE (QUESTION_ID,VALUE,VALUE_NAME) values (142,'No','No');
Insert into QUESTIONNAIRE_DATA.ALLOWABLE_VALUE (QUESTION_ID,VALUE,VALUE_NAME) values (143,'No','No');
Insert into QUESTIONNAIRE_DATA.ALLOWABLE_VALUE (QUESTION_ID,VALUE,VALUE_NAME) values (140,'N/A','N/A');
Insert into QUESTIONNAIRE_DATA.ALLOWABLE_VALUE (QUESTION_ID,VALUE,VALUE_NAME) values (141,'N/A','N/A');
Insert into QUESTIONNAIRE_DATA.ALLOWABLE_VALUE (QUESTION_ID,VALUE,VALUE_NAME) values (142,'N/A','N/A');
Insert into QUESTIONNAIRE_DATA.ALLOWABLE_VALUE (QUESTION_ID,VALUE,VALUE_NAME) values (143,'N/A','N/A');
Insert into QUESTIONNAIRE_DATA.ALLOWABLE_VALUE (QUESTION_ID,VALUE,VALUE_NAME) values (146,'Fully Compliant','Fully Compliant');
Insert into QUESTIONNAIRE_DATA.ALLOWABLE_VALUE (QUESTION_ID,VALUE,VALUE_NAME) values (146,'Minor non-compliances','Minor non-compliances');
Insert into QUESTIONNAIRE_DATA.ALLOWABLE_VALUE (QUESTION_ID,VALUE,VALUE_NAME) values (146,'Moderate non-compliances','Moderate non-compliances');
Insert into QUESTIONNAIRE_DATA.ALLOWABLE_VALUE (QUESTION_ID,VALUE,VALUE_NAME) values (146,'Major non-compliances','Major non-compliances');
Insert into QUESTIONNAIRE_DATA.ALLOWABLE_VALUE (QUESTION_ID,VALUE,VALUE_NAME) values (66,'Cow','Cow');
Insert into QUESTIONNAIRE_DATA.ALLOWABLE_VALUE (QUESTION_ID,VALUE,VALUE_NAME) values (66,'Hen','Hen');
Insert into QUESTIONNAIRE_DATA.ALLOWABLE_VALUE (QUESTION_ID,VALUE,VALUE_NAME) values (66,'Pig','Pig');
Insert into QUESTIONNAIRE_DATA.ALLOWABLE_VALUE (QUESTION_ID,VALUE,VALUE_NAME) values (66,'Sheep','Sheep');
--REMINSERTING into QUESTIONNAIRE_DATA.VALIDATION_LINK
Insert into QUESTIONNAIRE_DATA.VALIDATION_LINK (QUESTION_ID,RULE_ID,RULE_VALUE) values (69,28,'10');
Insert into QUESTIONNAIRE_DATA.VALIDATION_LINK (QUESTION_ID,RULE_ID,RULE_VALUE) values (69,29,'5');

--REM INSERTING into QUESTIONNAIRE_DATA.QUESTIONNAIRE
Insert into QUESTIONNAIRE_DATA.QUESTIONNAIRE (QUESTIONNAIRE_ID,TEMPLATE_ID) values (21,21);
Insert into QUESTIONNAIRE_DATA.QUESTIONNAIRE (QUESTIONNAIRE_ID,TEMPLATE_ID) values (41,21);

--REM INSERTING into QUESTIONNAIRE_DATA.ANSWER
Insert into QUESTIONNAIRE_DATA.ANSWER (QUESTIONNAIRE_ID,QUESTION_ID,ANSWER) values (21,84,'Joe Hughes');
Insert into QUESTIONNAIRE_DATA.ANSWER (QUESTIONNAIRE_ID,QUESTION_ID,ANSWER) values (41,84,'bla');
